Run_Name,Ratio,Time_File,Wavelength_File,Time_MSE,Wavelength_MSE,Region_AUC_Error,Tau_Avg_Error,Combined_Score,FL,ISC,coupling,CTenergy,model
Run_FL16_ISC5_coupling_60_CTenergy_14580_model_12,Monomer_50pct_CT_50pct_RP1_0pct_CTRP1_0pct,time_resolved_Monomer_50pct_CT_50pct_RP1_0pct_CTRP1_0pct_start_time_0.0.npy,wavelength_resolved_Monomer_50pct_CT_50pct_RP1_0pct_CTRP1_0pct_start_time_0.0.npy,0.00021784634523991738,0.002544077234794675,0.05656155397018245,0.006832097758128481,0.05824048381535113,16,5.0,60,14580,12
Run_FL16_ISC4_coupling_200_CTenergy_14580_model_12,Monomer_80pct_CT_20pct_RP1_0pct_CTRP1_0pct,time_resolved_Monomer_80pct_CT_20pct_RP1_0pct_CTRP1_0pct_start_time_0.0.npy,wavelength_resolved_Monomer_80pct_CT_20pct_RP1_0pct_CTRP1_0pct_start_time_0.0.npy,0.0023790188641187203,0.0026047725256536035,0.005360679813949294,0.0145392798209076,0.05887738172230996,16,4.0,200,14580,12
Run_FL16_ISC5_coupling_50_CTenergy_14580_model_12,Monomer_50pct_CT_50pct_RP1_0pct_CTRP1_0pct,time_resolved_Monomer_50pct_CT_50pct_RP1_0pct_CTRP1_0pct_start_time_0.0.npy,wavelength_resolved_Monomer_50pct_CT_50pct_RP1_0pct_CTRP1_0pct_start_time_0.0.npy,0.00026468025662523034,0.0025894911329163665,0.07538684120870144,0.0100957603247308,0.07515071600876104,16,5.0,50,14580,12
Run_FL16_ISC4_coupling_120_CTenergy_14580_model_12,Monomer_70pct_CT_30pct_RP1_0pct_CTRP1_0pct,time_resolved_Monomer_70pct_CT_30pct_RP1_0pct_CTRP1_0pct_start_time_0.0.npy,wavelength_resolved_Monomer_70pct_CT_30pct_RP1_0pct_CTRP1_0pct_start_time_0.0.npy,0.0011191450653200124,0.0025638182343332874,0.030262652167831007,0.028895145123212132,0.08117945981580164,16,4.0,120,14580,12
Run_FL16_ISC4_coupling_180_CTenergy_14580_model_12,Monomer_80pct_CT_20pct_RP1_0pct_CTRP1_0pct,time_resolved_Monomer_80pct_CT_20pct_RP1_0pct_CTRP1_0pct_start_time_0.0.npy,wavelength_resolved_Monomer_80pct_CT_20pct_RP1_0pct_CTRP1_0pct_start_time_0.0.npy,0.002313190101753338,0.0026172419749847325,0.062291365657559834,0.012550510224697137,0.09155156125641196,16,4.0,180,14580,12
Run_FL16_ISC4_coupling_100_CTenergy_14580_model_12,Monomer_70pct_CT_30pct_RP1_0pct_CTRP1_0pct,time_resolved_Monomer_70pct_CT_30pct_RP1_0pct_CTRP1_0pct_start_time_0.0.npy,wavelength_resolved_Monomer_70pct_CT_30pct_RP1_0pct_CTRP1_0pct_start_time_0.0.npy,0.0009779777505222608,0.0025985354043230272,0.08474334029252077,0.03764682564659003,0.12490588878653766,16,4.0,100,14580,12
Run_FL16_ISC4_coupling_150_CTenergy_14580_model_12,Monomer_80pct_CT_20pct_RP1_0pct_CTRP1_0pct,time_resolved_Monomer_80pct_CT_20pct_RP1_0pct_CTRP1_0pct_start_time_0.0.npy,wavelength_resolved_Monomer_80pct_CT_20pct_RP1_0pct_CTRP1_0pct_start_time_0.0.npy,0.0021757850124811,0.00264215917317706,0.15154228163385347,0.00824847005058002,0.14104596748793993,16,4.0,150,14580,12
Run_FL16_ISC5_coupling_90_CTenergy_14580_model_12,Monomer_40pct_CT_60pct_RP1_0pct_CTRP1_0pct,time_resolved_Monomer_40pct_CT_60pct_RP1_0pct_CTRP1_0pct_start_time_0.0.npy,wavelength_resolved_Monomer_40pct_CT_60pct_RP1_0pct_CTRP1_0pct_start_time_0.0.npy,0.00031349357669653355,0.002514053977561615,0.8527206099113609,0.002021836642690254,0.14347388834675928,16,5.0,90,14580,12
Run_FL16_ISC4_coupling_250_CTenergy_14580_model_12,Monomer_80pct_CT_20pct_RP1_0pct_CTRP1_0pct,time_resolved_Monomer_80pct_CT_20pct_RP1_0pct_CTRP1_0pct_start_time_0.0.npy,wavelength_resolved_Monomer_80pct_CT_20pct_RP1_0pct_CTRP1_0pct_start_time_0.0.npy,0.0024672563024103387,0.0025804737580056997,0.13475443495913328,0.017194001913381073,0.14356565040232694,16,4.0,250,14580,12
Run_FL16_ISC5_coupling_10_CTenergy_14580_model_12,Monomer_60pct_CT_40pct_RP1_0pct_CTRP1_0pct,time_resolved_Monomer_60pct_CT_40pct_RP1_0pct_CTRP1_0pct_start_time_0.0.npy,wavelength_resolved_Monomer_60pct_CT_40pct_RP1_0pct_CTRP1_0pct_start_time_0.0.npy,0.00018021851086055097,0.002905311682727292,0.6441479727945496,0.003367636256870846,0.14415932924224442,16,5.0,10,14580,12
Run_FL16_ISC4_coupling_80_CTenergy_14580_model_12,Monomer_60pct_CT_40pct_RP1_0pct_CTRP1_0pct,time_resolved_Monomer_60pct_CT_40pct_RP1_0pct_CTRP1_0pct_start_time_0.0.npy,wavelength_resolved_Monomer_60pct_CT_40pct_RP1_0pct_CTRP1_0pct_start_time_0.0.npy,0.000580475486252534,0.0025549657390898394,0.021890614229510375,0.08943240126643681,0.14548897724565532,16,4.0,80,14580,12
Run_FL16_ISC5_coupling_20_CTenergy_14580_model_12,Monomer_60pct_CT_40pct_RP1_0pct_CTRP1_0pct,time_resolved_Monomer_60pct_CT_40pct_RP1_0pct_CTRP1_0pct_start_time_0.0.npy,wavelength_resolved_Monomer_60pct_CT_40pct_RP1_0pct_CTRP1_0pct_start_time_0.0.npy,0.00019065378580595784,0.0028445961383572844,0.5467170858369208,0.010179518054634148,0.15267684870815432,16,5.0,20,14580,12
Run_FL16_ISC5_coupling_80_CTenergy_14580_model_12,Monomer_60pct_CT_40pct_RP1_0pct_CTRP1_0pct,time_resolved_Monomer_60pct_CT_40pct_RP1_0pct_CTRP1_0pct_start_time_0.0.npy,wavelength_resolved_Monomer_60pct_CT_40pct_RP1_0pct_CTRP1_0pct_start_time_0.0.npy,0.0011254329416340901,0.002554638713251424,0.02800287402352616,0.08794568915675603,0.15359013167520041,16,5.0,80,14580,12
Run_FL16_ISC5_coupling_120_CTenergy_14580_model_12,Monomer_30pct_CT_70pct_RP1_0pct_CTRP1_0pct,time_resolved_Monomer_30pct_CT_70pct_RP1_0pct_CTRP1_0pct_start_time_0.0.npy,wavelength_resolved_Monomer_30pct_CT_70pct_RP1_0pct_CTRP1_0pct_start_time_0.0.npy,0.00046280575657032234,0.0031681529768361263,1.9831884952930265,0.007972891796610308,0.15615234899405656,16,5.0,120,14580,12
Run_FL16_ISC5_coupling_100_CTenergy_14580_model_12,Monomer_40pct_CT_60pct_RP1_0pct_CTRP1_0pct,time_resolved_Monomer_40pct_CT_60pct_RP1_0pct_CTRP1_0pct_start_time_0.0.npy,wavelength_resolved_Monomer_40pct_CT_60pct_RP1_0pct_CTRP1_0pct_start_time_0.0.npy,0.00026569833388222295,0.002556856067030302,1.011839309309388,0.01289510072627026,0.15641754555597,16,5.0,100,14580,12
Run_FL16_ISC5_coupling_70_CTenergy_14580_model_12,Monomer_50pct_CT_50pct_RP1_0pct_CTRP1_0pct,time_resolved_Monomer_50pct_CT_50pct_RP1_0pct_CTRP1_0pct_start_time_0.0.npy,wavelength_resolved_Monomer_50pct_CT_50pct_RP1_0pct_CTRP1_0pct_start_time_0.0.npy,0.00023853482736097562,0.0025105280807704174,0.18793527251931672,0.02244569715467814,0.16012785350017822,16,5.0,70,14580,12
Run_FL16_ISC4_coupling_300_CTenergy_14580_model_12,Monomer_70pct_CT_30pct_RP1_0pct_CTRP1_0pct,time_resolved_Monomer_70pct_CT_30pct_RP1_0pct_CTRP1_0pct_start_time_0.0.npy,wavelength_resolved_Monomer_70pct_CT_30pct_RP1_0pct_CTRP1_0pct_start_time_0.0.npy,0.0016642471406308015,0.002592589635262748,0.885164215260899,0.003923010562678704,0.16131773490230258,16,4.0,300,14580,12
Run_FL16_ISC4_coupling_90_CTenergy_14580_model_12,Monomer_80pct_CT_20pct_RP1_0pct_CTRP1_0pct,time_resolved_Monomer_80pct_CT_20pct_RP1_0pct_CTRP1_0pct_start_time_0.0.npy,wavelength_resolved_Monomer_80pct_CT_20pct_RP1_0pct_CTRP1_0pct_start_time_0.0.npy,0.0017534388572581778,0.0027304248978820885,0.3577994666830938,0.0067648367717645505,0.1665463660207621,16,4.0,90,14580,12
Run_FL16_ISC5_coupling_40_CTenergy_14580_model_12,Monomer_40pct_CT_60pct_RP1_0pct_CTRP1_0pct,time_resolved_Monomer_40pct_CT_60pct_RP1_0pct_CTRP1_0pct_start_time_0.0.npy,wavelength_resolved_Monomer_40pct_CT_60pct_RP1_0pct_CTRP1_0pct_start_time_0.0.npy,0.0021142682231489376,0.0025676300982394834,0.017421393044958555,0.10279627905912414,0.17089259869439793,16,5.0,40,14580,12
Run_FL16_ISC5_coupling_30_CTenergy_14580_model_12,Monomer_60pct_CT_40pct_RP1_0pct_CTRP1_0pct,time_resolved_Monomer_60pct_CT_40pct_RP1_0pct_CTRP1_0pct_start_time_0.0.npy,wavelength_resolved_Monomer_60pct_CT_40pct_RP1_0pct_CTRP1_0pct_start_time_0.0.npy,0.00025318822252862064,0.0027801208020512037,0.4443510650396498,0.025167961677202588,0.17243306282257903,16,5.0,30,14580,12
Run_FL16_ISC4_coupling_70_CTenergy_14580_model_12,Monomer_80pct_CT_20pct_RP1_0pct_CTRP1_0pct,time_resolved_Monomer_80pct_CT_20pct_RP1_0pct_CTRP1_0pct_start_time_0.0.npy,wavelength_resolved_Monomer_80pct_CT_20pct_RP1_0pct_CTRP1_0pct_start_time_0.0.npy,0.0015750520517273862,0.002775359766738962,0.4355821338450912,0.014196204502035929,0.174529025594148,16,4.0,70,14580,12
Run_FL16_ISC5_coupling_180_CTenergy_14580_model_12,Monomer_20pct_CT_80pct_RP1_0pct_CTRP1_0pct,time_resolved_Monomer_20pct_CT_80pct_RP1_0pct_CTRP1_0pct_start_time_0.0.npy,wavelength_resolved_Monomer_20pct_CT_80pct_RP1_0pct_CTRP1_0pct_start_time_0.0.npy,0.00041552800680031587,0.006652318323514788,4.164994322594818,0.012925988712460229,0.17545305905292358,16,5.0,180,14580,12
Run_FL16_ISC4_coupling_10_CTenergy_14580_model_12,Monomer_90pct_CT_10pct_RP1_0pct_CTRP1_0pct,time_resolved_Monomer_90pct_CT_10pct_RP1_0pct_CTRP1_0pct_start_time_0.0.npy,wavelength_resolved_Monomer_90pct_CT_10pct_RP1_0pct_CTRP1_0pct_start_time_0.0.npy,0.0024410592823494483,0.0029484977951690456,0.6795292911388192,0.010064233843272697,0.1778822634081726,16,4.0,10,14580,12
Run_FL16_ISC5_coupling_150_CTenergy_14580_model_12,Monomer_20pct_CT_80pct_RP1_0pct_CTRP1_0pct,time_resolved_Monomer_20pct_CT_80pct_RP1_0pct_CTRP1_0pct_start_time_0.0.npy,wavelength_resolved_Monomer_20pct_CT_80pct_RP1_0pct_CTRP1_0pct_start_time_0.0.npy,0.0006834543504382838,0.005380407043854497,3.5450079448774434,0.015356508636212615,0.17853147920822554,16,5.0,150,14580,12
Run_FL16_ISC4_coupling_60_CTenergy_14580_model_12,Monomer_80pct_CT_20pct_RP1_0pct_CTRP1_0pct,time_resolved_Monomer_80pct_CT_20pct_RP1_0pct_CTRP1_0pct_start_time_0.0.npy,wavelength_resolved_Monomer_80pct_CT_20pct_RP1_0pct_CTRP1_0pct_start_time_0.0.npy,0.0014825524583426744,0.0028004928198358424,0.4751087460408349,0.018399077145546974,0.17908261607215298,16,4.0,60,14580,12
Run_FL16_ISC4_coupling_20_CTenergy_14580_model_12,Monomer_90pct_CT_10pct_RP1_0pct_CTRP1_0pct,time_resolved_Monomer_90pct_CT_10pct_RP1_0pct_CTRP1_0pct_start_time_0.0.npy,wavelength_resolved_Monomer_90pct_CT_10pct_RP1_0pct_CTRP1_0pct_start_time_0.0.npy,0.002506404531192235,0.002936730518995515,0.6621173685254258,0.01224268301324271,0.1810416810295153,16,4.0,20,14580,12
Run_FL16_ISC3_coupling_200_CTenergy_14580_model_12,Monomer_80pct_CT_20pct_RP1_0pct_CTRP1_0pct,time_resolved_Monomer_80pct_CT_20pct_RP1_0pct_CTRP1_0pct_start_time_0.0.npy,wavelength_resolved_Monomer_80pct_CT_20pct_RP1_0pct_CTRP1_0pct_start_time_0.0.npy,0.0040649829546514655,0.002604923816908501,0.012986758856200964,0.20037521291778432,0.1823321902137377,16,3.0,200,14580,12
Run_FL16_ISC4_coupling_50_CTenergy_14580_model_12,Monomer_80pct_CT_20pct_RP1_0pct_CTRP1_0pct,time_resolved_Monomer_80pct_CT_20pct_RP1_0pct_CTRP1_0pct_start_time_0.0.npy,wavelength_resolved_Monomer_80pct_CT_20pct_RP1_0pct_CTRP1_0pct_start_time_0.0.npy,0.0013897278470433663,0.002826913219999936,0.5142955844289616,0.022909967796672773,0.18399985963003196,16,4.0,50,14580,12
Run_FL16_ISC4_coupling_30_CTenergy_14580_model_12,Monomer_90pct_CT_10pct_RP1_0pct_CTRP1_0pct,time_resolved_Monomer_90pct_CT_10pct_RP1_0pct_CTRP1_0pct_start_time_0.0.npy,wavelength_resolved_Monomer_90pct_CT_10pct_RP1_0pct_CTRP1_0pct_start_time_0.0.npy,0.002583765176665537,0.0029229805582884137,0.6434807009160927,0.014684855792270657,0.18460437395735105,16,4.0,30,14580,12
Run_FL16_ISC4_coupling_40_CTenergy_14580_model_12,Monomer_90pct_CT_10pct_RP1_0pct_CTRP1_0pct,time_resolved_Monomer_90pct_CT_10pct_RP1_0pct_CTRP1_0pct_start_time_0.0.npy,wavelength_resolved_Monomer_90pct_CT_10pct_RP1_0pct_CTRP1_0pct_start_time_0.0.npy,0.0026611235293665715,0.0029093230998477135,0.6258974881445045,0.017051118949780498,0.18806458741426657,16,4.0,40,14580,12
Run_FL16_ISC5_coupling_200_CTenergy_14580_model_12,Monomer_80pct_CT_20pct_RP1_0pct_CTRP1_0pct,time_resolved_Monomer_80pct_CT_20pct_RP1_0pct_CTRP1_0pct_start_time_0.0.npy,wavelength_resolved_Monomer_80pct_CT_20pct_RP1_0pct_CTRP1_0pct_start_time_0.0.npy,0.006397644691285842,0.0026044944141762716,0.0004317029440684273,0.20966465335122778,0.18859504679527755,16,5.0,200,14580,12
Run_FL16_ISC3_coupling_120_CTenergy_14580_model_12,Monomer_70pct_CT_30pct_RP1_0pct_CTRP1_0pct,time_resolved_Monomer_70pct_CT_30pct_RP1_0pct_CTRP1_0pct_start_time_0.0.npy,wavelength_resolved_Monomer_70pct_CT_30pct_RP1_0pct_CTRP1_0pct_start_time_0.0.npy,0.004328254344529703,0.002564105730596557,0.021363762684843152,0.23547254462105083,0.18889706546964374,16,3.0,120,14580,12
Run_FL16_ISC3_coupling_80_CTenergy_14580_model_12,Monomer_60pct_CT_40pct_RP1_0pct_CTRP1_0pct,time_resolved_Monomer_60pct_CT_40pct_RP1_0pct_CTRP1_0pct_start_time_0.0.npy,wavelength_resolved_Monomer_60pct_CT_40pct_RP1_0pct_CTRP1_0pct_start_time_0.0.npy,0.005643043071972566,0.002555087530793398,0.012429908004759953,0.28388679464954997,0.19123567816369455,16,3.0,80,14580,12
Run_FL16_ISC2.8_coupling_200_CTenergy_14580_model_12,Monomer_80pct_CT_20pct_RP1_0pct_CTRP1_0pct,time_resolved_Monomer_80pct_CT_20pct_RP1_0pct_CTRP1_0pct_start_time_0.0.npy,wavelength_resolved_Monomer_80pct_CT_20pct_RP1_0pct_CTRP1_0pct_start_time_0.0.npy,0.005547673700761869,0.002604898410245163,0.015026416402577087,0.2460015326769913,0.1927875777149196,16,2.8,200,14580,12
Run_FL16_ISC2.8_coupling_120_CTenergy_14580_model_12,Monomer_70pct_CT_30pct_RP1_0pct_CTRP1_0pct,time_resolved_Monomer_70pct_CT_30pct_RP1_0pct_CTRP1_0pct_start_time_0.0.npy,wavelength_resolved_Monomer_70pct_CT_30pct_RP1_0pct_CTRP1_0pct_start_time_0.0.npy,0.006095555315152865,0.002564106705263217,0.01898661345999137,0.27926213644726283,0.1980501459970604,16,2.8,120,14580,12
Run_FL16_ISC2.7_coupling_200_CTenergy_14580_model_12,Monomer_80pct_CT_20pct_RP1_0pct_CTRP1_0pct,time_resolved_Monomer_80pct_CT_20pct_RP1_0pct_CTRP1_0pct_start_time_0.0.npy,wavelength_resolved_Monomer_80pct_CT_20pct_RP1_0pct_CTRP1_0pct_start_time_0.0.npy,0.006481132311406151,0.002604873029174782,0.01613296494471981,0.26916969936377755,0.19888646850972685,16,2.7,200,14580,12
Run_FL16_ISC2.8_coupling_80_CTenergy_14580_model_12,Monomer_60pct_CT_40pct_RP1_0pct_CTRP1_0pct,time_resolved_Monomer_60pct_CT_40pct_RP1_0pct_CTRP1_0pct_start_time_0.0.npy,wavelength_resolved_Monomer_60pct_CT_40pct_RP1_0pct_CTRP1_0pct_start_time_0.0.npy,0.007745559244389551,0.0025550291470223118,0.009898980080481042,0.32504974038679674,0.2014244320646689,16,2.8,80,14580,12
Run_FL16_ISC2.7_coupling_120_CTenergy_14580_model_12,Monomer_70pct_CT_30pct_RP1_0pct_CTRP1_0pct,time_resolved_Monomer_70pct_CT_30pct_RP1_0pct_CTRP1_0pct_start_time_0.0.npy,wavelength_resolved_Monomer_70pct_CT_30pct_RP1_0pct_CTRP1_0pct_start_time_0.0.npy,0.007166734737513112,0.0025640930425699145,0.01769757253904847,0.30148960826699805,0.2032554929366332,16,2.7,120,14580,12
Run_FL16_ISC2.7_coupling_80_CTenergy_14580_model_12,Monomer_60pct_CT_40pct_RP1_0pct_CTRP1_0pct,time_resolved_Monomer_60pct_CT_40pct_RP1_0pct_CTRP1_0pct_start_time_0.0.npy,wavelength_resolved_Monomer_60pct_CT_40pct_RP1_0pct_CTRP1_0pct_start_time_0.0.npy,0.00897693912328886,0.0025549812321729827,0.008525823634155444,0.34593298981068804,0.2070498918620299,16,2.7,80,14580,12
Run_FL16_ISC2.5_coupling_200_CTenergy_14580_model_12,Monomer_80pct_CT_20pct_RP1_0pct_CTRP1_0pct,time_resolved_Monomer_80pct_CT_20pct_RP1_0pct_CTRP1_0pct_start_time_0.0.npy,wavelength_resolved_Monomer_80pct_CT_20pct_RP1_0pct_CTRP1_0pct_start_time_0.0.npy,0.00877984444443222,0.002604782615908933,0.018543353248695018,0.3162333593919966,0.21287331957176434,16,2.5,200,14580,12
Run_FL16_ISC2.5_coupling_120_CTenergy_14580_model_12,Monomer_70pct_CT_30pct_RP1_0pct_CTRP1_0pct,time_resolved_Monomer_70pct_CT_30pct_RP1_0pct_CTRP1_0pct_start_time_0.0.npy,wavelength_resolved_Monomer_70pct_CT_30pct_RP1_0pct_CTRP1_0pct_start_time_0.0.npy,0.009729727814150088,0.002564023461164177,0.014891161588588851,0.3466207060951521,0.21498857671276447,16,2.5,120,14580,12
Run_FL16_ISC3_coupling_180_CTenergy_14580_model_12,Monomer_80pct_CT_20pct_RP1_0pct_CTRP1_0pct,time_resolved_Monomer_80pct_CT_20pct_RP1_0pct_CTRP1_0pct_start_time_0.0.npy,wavelength_resolved_Monomer_80pct_CT_20pct_RP1_0pct_CTRP1_0pct_start_time_0.0.npy,0.004069229860517453,0.0026175414256829894,0.06942931960919908,0.20192995899785754,0.21774670150740508,16,3.0,180,14580,12
Run_FL16_ISC5_coupling_250_CTenergy_14580_model_12,Monomer_10pct_CT_90pct_RP1_0pct_CTRP1_0pct,time_resolved_Monomer_10pct_CT_90pct_RP1_0pct_CTRP1_0pct_start_time_0.0.npy,wavelength_resolved_Monomer_10pct_CT_90pct_RP1_0pct_CTRP1_0pct_start_time_0.0.npy,0.0005337835581484219,0.018779827602234383,7.867486092499881,0.010524191738086759,0.21810054234091275,16,5.0,250,14580,12
Run_FL16_ISC2.5_coupling_80_CTenergy_14580_model_12,Monomer_60pct_CT_40pct_RP1_0pct_CTRP1_0pct,time_resolved_Monomer_60pct_CT_40pct_RP1_0pct_CTRP1_0pct_start_time_0.0.npy,wavelength_resolved_Monomer_60pct_CT_40pct_RP1_0pct_CTRP1_0pct_start_time_0.0.npy,0.011842432766259205,0.0025548291153598595,0.0055345540566292635,0.38831876356379397,0.2194571526145967,16,2.5,80,14580,12
Run_FL16_ISC3_coupling_60_CTenergy_14580_model_12,Monomer_50pct_CT_50pct_RP1_0pct_CTRP1_0pct,time_resolved_Monomer_50pct_CT_50pct_RP1_0pct_CTRP1_0pct_start_time_0.0.npy,wavelength_resolved_Monomer_50pct_CT_50pct_RP1_0pct_CTRP1_0pct_start_time_0.0.npy,0.008404542171746148,0.0025435673621928764,0.039827556101752024,0.33885350953729304,0.22349832575428644,16,3.0,60,14580,12
Run_FL16_ISC2.8_coupling_180_CTenergy_14580_model_12,Monomer_80pct_CT_20pct_RP1_0pct_CTRP1_0pct,time_resolved_Monomer_80pct_CT_20pct_RP1_0pct_CTRP1_0pct_start_time_0.0.npy,wavelength_resolved_Monomer_80pct_CT_20pct_RP1_0pct_CTRP1_0pct_start_time_0.0.npy,0.005564777338388439,0.002617554004738941,0.07133653486565504,0.24746489055327883,0.22820672986274232,16,2.8,180,14580,12
Run_FL16_ISC2.8_coupling_60_CTenergy_14580_model_12,Monomer_50pct_CT_50pct_RP1_0pct_CTRP1_0pct,time_resolved_Monomer_50pct_CT_50pct_RP1_0pct_CTRP1_0pct_start_time_0.0.npy,wavelength_resolved_Monomer_50pct_CT_50pct_RP1_0pct_CTRP1_0pct_start_time_0.0.npy,0.010812480126646633,0.0025433305431860416,0.03709144373550808,0.37700787798902063,0.23401184582221682,16,2.8,60,14580,12
Run_FL16_ISC2.7_coupling_180_CTenergy_14580_model_12,Monomer_80pct_CT_20pct_RP1_0pct_CTRP1_0pct,time_resolved_Monomer_80pct_CT_20pct_RP1_0pct_CTRP1_0pct_start_time_0.0.npy,wavelength_resolved_Monomer_80pct_CT_20pct_RP1_0pct_CTRP1_0pct_start_time_0.0.npy,0.006504420800663671,0.0026175492853359773,0.07237087484209534,0.27058674729765786,0.2342988620452391,16,2.7,180,14580,12
Run_FL16_ISC3_coupling_100_CTenergy_14580_model_12,Monomer_70pct_CT_30pct_RP1_0pct_CTRP1_0pct,time_resolved_Monomer_70pct_CT_30pct_RP1_0pct_CTRP1_0pct_start_time_0.0.npy,wavelength_resolved_Monomer_70pct_CT_30pct_RP1_0pct_CTRP1_0pct_start_time_0.0.npy,0.004461780274510354,0.0025990707421274612,0.09252038524570898,0.2422723229856448,0.2345309768944111,16,3.0,100,14580,12
Run_FL16_ISC3_coupling_70_CTenergy_14580_model_12,Monomer_60pct_CT_40pct_RP1_0pct_CTRP1_0pct,time_resolved_Monomer_60pct_CT_40pct_RP1_0pct_CTRP1_0pct_start_time_0.0.npy,wavelength_resolved_Monomer_60pct_CT_40pct_RP1_0pct_CTRP1_0pct_start_time_0.0.npy,0.0059172109011815625,0.002587323980011783,0.07945053701351923,0.29069763579745606,0.23504558780562596,16,3.0,70,14580,12
Run_FL16_ISC2.7_coupling_60_CTenergy_14580_model_12,Monomer_50pct_CT_50pct_RP1_0pct_CTRP1_0pct,time_resolved_Monomer_50pct_CT_50pct_RP1_0pct_CTRP1_0pct_start_time_0.0.npy,wavelength_resolved_Monomer_50pct_CT_50pct_RP1_0pct_CTRP1_0pct_start_time_0.0.npy,0.012187148296487269,0.002543181536910623,0.035604917745021586,0.39635567060632554,0.23975127061793894,16,2.7,60,14580,12
Run_FL16_ISC3_coupling_90_CTenergy_14580_model_12,Monomer_60pct_CT_40pct_RP1_0pct_CTRP1_0pct,time_resolved_Monomer_60pct_CT_40pct_RP1_0pct_CTRP1_0pct_start_time_0.0.npy,wavelength_resolved_Monomer_60pct_CT_40pct_RP1_0pct_CTRP1_0pct_start_time_0.0.npy,0.0054091418128225125,0.00252962279310377,0.10233411320989874,0.2776713209170374,0.2457963911200233,16,3.0,90,14580,12
Run_FL16_ISC2.8_coupling_100_CTenergy_14580_model_12,Monomer_70pct_CT_30pct_RP1_0pct_CTRP1_0pct,time_resolved_Monomer_70pct_CT_30pct_RP1_0pct_CTRP1_0pct_start_time_0.0.npy,wavelength_resolved_Monomer_70pct_CT_30pct_RP1_0pct_CTRP1_0pct_start_time_0.0.npy,0.006278076537560975,0.00259913371777266,0.0945951944875689,0.28565250315010793,0.24671002239300543,16,2.8,100,14580,12
Run_FL16_ISC3_coupling_40_CTenergy_14580_model_12,Monomer_40pct_CT_60pct_RP1_0pct_CTRP1_0pct,time_resolved_Monomer_40pct_CT_60pct_RP1_0pct_CTRP1_0pct_start_time_0.0.npy,wavelength_resolved_Monomer_40pct_CT_60pct_RP1_0pct_CTRP1_0pct_start_time_0.0.npy,0.014159202001450244,0.0025660940154613224,0.03310626849057771,0.4123417990833903,0.2477822187813211,16,3.0,40,14580,12
Run_FL16_ISC2.5_coupling_180_CTenergy_14580_model_12,Monomer_80pct_CT_20pct_RP1_0pct_CTRP1_0pct,time_resolved_Monomer_80pct_CT_20pct_RP1_0pct_CTRP1_0pct_start_time_0.0.npy,wavelength_resolved_Monomer_80pct_CT_20pct_RP1_0pct_CTRP1_0pct_start_time_0.0.npy,0.008814945602978606,0.0026175029694993656,0.07462302484024234,0.31755763633206197,0.24825502693440343,16,2.5,180,14580,12
Run_FL16_ISC2.8_coupling_70_CTenergy_14580_model_12,Monomer_60pct_CT_40pct_RP1_0pct_CTRP1_0pct,time_resolved_Monomer_60pct_CT_40pct_RP1_0pct_CTRP1_0pct_start_time_0.0.npy,wavelength_resolved_Monomer_60pct_CT_40pct_RP1_0pct_CTRP1_0pct_start_time_0.0.npy,0.0080598923135486,0.0025873019970299007,0.08169646836532649,0.3314409815752381,0.24834377475598254,16,2.8,70,14580,12
Run_FL16_ISC5_coupling_300_CTenergy_14580_model_12,Monomer_20pct_CT_80pct_RP1_0pct_CTRP1_0pct,time_resolved_Monomer_20pct_CT_80pct_RP1_0pct_CTRP1_0pct_start_time_0.0.npy,wavelength_resolved_Monomer_20pct_CT_80pct_RP1_0pct_CTRP1_0pct_start_time_0.0.npy,0.00040522888724308926,0.015107491329546424,7.05443910016714,0.04921135191181837,0.25003864974821216,16,5.0,300,14580,12
Run_FL16_ISC2.5_coupling_60_CTenergy_14580_model_12,Monomer_50pct_CT_50pct_RP1_0pct_CTRP1_0pct,time_resolved_Monomer_50pct_CT_50pct_RP1_0pct_CTRP1_0pct_start_time_0.0.npy,wavelength_resolved_Monomer_50pct_CT_50pct_RP1_0pct_CTRP1_0pct_start_time_0.0.npy,0.015317403864032807,0.0025428031760921024,0.032361163959196595,0.4356079864943273,0.25228549374433673,16,2.5,60,14580,12
Run_FL16_ISC3_coupling_250_CTenergy_14580_model_12,Monomer_80pct_CT_20pct_RP1_0pct_CTRP1_0pct,time_resolved_Monomer_80pct_CT_20pct_RP1_0pct_CTRP1_0pct_start_time_0.0.npy,wavelength_resolved_Monomer_80pct_CT_20pct_RP1_0pct_CTRP1_0pct_start_time_0.0.npy,0.004059762860884989,0.002580167684858736,0.12582940901880127,0.1983083542472062,0.25260810919754056,16,3.0,250,14580,12
Run_FL16_ISC2_coupling_120_CTenergy_14580_model_12,Monomer_70pct_CT_30pct_RP1_0pct_CTRP1_0pct,time_resolved_Monomer_70pct_CT_30pct_RP1_0pct_CTRP1_0pct_start_time_0.0.npy,wavelength_resolved_Monomer_70pct_CT_30pct_RP1_0pct_CTRP1_0pct_start_time_0.0.npy,0.019090290408554842,0.0025634372219807966,0.006208958116640757,0.46355578173928924,0.25296973260967426,16,2.0,120,14580,12
Run_FL16_ISC2.7_coupling_100_CTenergy_14580_model_12,Monomer_70pct_CT_30pct_RP1_0pct_CTRP1_0pct,time_resolved_Monomer_70pct_CT_30pct_RP1_0pct_CTRP1_0pct_start_time_0.0.npy,wavelength_resolved_Monomer_70pct_CT_30pct_RP1_0pct_CTRP1_0pct_start_time_0.0.npy,0.0073725868291528536,0.0025991531112650205,0.09571978104175086,0.3076729495475956,0.2535291852980344,16,2.7,100,14580,12
Run_FL16_ISC2.7_coupling_70_CTenergy_14580_model_12,Monomer_60pct_CT_40pct_RP1_0pct_CTRP1_0pct,time_resolved_Monomer_60pct_CT_40pct_RP1_0pct_CTRP1_0pct_start_time_0.0.npy,wavelength_resolved_Monomer_60pct_CT_40pct_RP1_0pct_CTRP1_0pct_start_time_0.0.npy,0.009310071772285617,0.0025872729871224184,0.08291476453994241,0.3521138913679112,0.25564430856086506,16,2.7,70,14580,12
Run_FL16_ISC2.8_coupling_90_CTenergy_14580_model_12,Monomer_60pct_CT_40pct_RP1_0pct_CTRP1_0pct,time_resolved_Monomer_60pct_CT_40pct_RP1_0pct_CTRP1_0pct_start_time_0.0.npy,wavelength_resolved_Monomer_60pct_CT_40pct_RP1_0pct_CTRP1_0pct_start_time_0.0.npy,0.007473794231471834,0.002529493212526631,0.09953866523821576,0.319213945188654,0.25569966333953886,16,2.8,90,14580,12
Run_FL16_ISC3_coupling_50_CTenergy_14580_model_12,Monomer_50pct_CT_50pct_RP1_0pct_CTRP1_0pct,time_resolved_Monomer_50pct_CT_50pct_RP1_0pct_CTRP1_0pct_start_time_0.0.npy,wavelength_resolved_Monomer_50pct_CT_50pct_RP1_0pct_CTRP1_0pct_start_time_0.0.npy,0.009093586249858426,0.002589345245760276,0.08945862106089923,0.3496204768817329,0.258643635188437,16,3.0,50,14580,12
Run_FL16_ISC2_coupling_200_CTenergy_14580_model_12,Monomer_80pct_CT_20pct_RP1_0pct_CTRP1_0pct,time_resolved_Monomer_80pct_CT_20pct_RP1_0pct_CTRP1_0pct_start_time_0.0.npy,wavelength_resolved_Monomer_80pct_CT_20pct_RP1_0pct_CTRP1_0pct_start_time_0.0.npy,0.017569524984250552,0.002604187445953743,0.02601318998586012,0.438283013577906,0.25933447658874736,16,2.0,200,14580,12
Run_FL16_ISC2.8_coupling_250_CTenergy_14580_model_12,Monomer_80pct_CT_20pct_RP1_0pct_CTRP1_0pct,time_resolved_Monomer_80pct_CT_20pct_RP1_0pct_CTRP1_0pct_start_time_0.0.npy,wavelength_resolved_Monomer_80pct_CT_20pct_RP1_0pct_CTRP1_0pct_start_time_0.0.npy,0.005525393233537455,0.002580023385688849,0.12343744498656409,0.244060196472339,0.26016859144063814,16,2.8,250,14580,12
Run_FL16_ISC2.7_coupling_90_CTenergy_14580_model_12,Monomer_60pct_CT_40pct_RP1_0pct_CTRP1_0pct,time_resolved_Monomer_60pct_CT_40pct_RP1_0pct_CTRP1_0pct_start_time_0.0.npy,wavelength_resolved_Monomer_60pct_CT_40pct_RP1_0pct_CTRP1_0pct_start_time_0.0.npy,0.008687268034906043,0.0025294070358076203,0.09802170103216715,0.3402837666719406,0.26118129682561847,16,2.7,90,14580,12
Run_FL16_ISC2.8_coupling_40_CTenergy_14580_model_12,Monomer_40pct_CT_60pct_RP1_0pct_CTRP1_0pct,time_resolved_Monomer_40pct_CT_60pct_RP1_0pct_CTRP1_0pct_start_time_0.0.npy,wavelength_resolved_Monomer_40pct_CT_60pct_RP1_0pct_CTRP1_0pct_start_time_0.0.npy,0.01684870105192012,0.0025656558192223553,0.035694541157812384,0.44638476663102883,0.2615929597622242,16,2.8,40,14580,12
Run_FL16_ISC2_coupling_80_CTenergy_14580_model_12,Monomer_60pct_CT_40pct_RP1_0pct_CTRP1_0pct,time_resolved_Monomer_60pct_CT_40pct_RP1_0pct_CTRP1_0pct_start_time_0.0.npy,wavelength_resolved_Monomer_60pct_CT_40pct_RP1_0pct_CTRP1_0pct_start_time_0.0.npy,0.02182320982479701,0.002553919683107574,0.0037358425538909536,0.49804148930415404,0.26293341846441753,16,2.0,80,14580,12
Run_FL16_ISC2.7_coupling_250_CTenergy_14580_model_12,Monomer_80pct_CT_20pct_RP1_0pct_CTRP1_0pct,time_resolved_Monomer_80pct_CT_20pct_RP1_0pct_CTRP1_0pct_start_time_0.0.npy,wavelength_resolved_Monomer_80pct_CT_20pct_RP1_0pct_CTRP1_0pct_start_time_0.0.npy,0.006450641595215102,0.002579933904620782,0.12213885329207831,0.267291217100934,0.26470811016588647,16,2.7,250,14580,12
Run_FL16_ISC2.5_coupling_100_CTenergy_14580_model_12,Monomer_70pct_CT_30pct_RP1_0pct_CTRP1_0pct,time_resolved_Monomer_70pct_CT_30pct_RP1_0pct_CTRP1_0pct_start_time_0.0.npy,wavelength_resolved_Monomer_70pct_CT_30pct_RP1_0pct_CTRP1_0pct_start_time_0.0.npy,0.009979315175658036,0.002599153605300774,0.09816685756376958,0.3523833279802282,0.2687295979354946,16,2.5,100,14580,12
Run_FL16_ISC2.7_coupling_40_CTenergy_14580_model_12,Monomer_40pct_CT_60pct_RP1_0pct_CTRP1_0pct,time_resolved_Monomer_40pct_CT_60pct_RP1_0pct_CTRP1_0pct_start_time_0.0.npy,wavelength_resolved_Monomer_40pct_CT_60pct_RP1_0pct_CTRP1_0pct_start_time_0.0.npy,0.018350784601691216,0.002565393601748152,0.03710382430614346,0.46364681742966485,0.26909300610725945,16,2.7,40,14580,12
Run_FL16_ISC2.5_coupling_70_CTenergy_14580_model_12,Monomer_60pct_CT_40pct_RP1_0pct_CTRP1_0pct,time_resolved_Monomer_60pct_CT_40pct_RP1_0pct_CTRP1_0pct_start_time_0.0.npy,wavelength_resolved_Monomer_60pct_CT_40pct_RP1_0pct_CTRP1_0pct_start_time_0.0.npy,0.01221038951600469,0.0025871607409941664,0.08556810057357513,0.39407675527869185,0.27167913433557866,16,2.5,70,14580,12
Run_FL16_ISC2.8_coupling_50_CTenergy_14580_model_12,Monomer_50pct_CT_50pct_RP1_0pct_CTRP1_0pct,time_resolved_Monomer_50pct_CT_50pct_RP1_0pct_CTRP1_0pct_start_time_0.0.npy,wavelength_resolved_Monomer_50pct_CT_50pct_RP1_0pct_CTRP1_0pct_start_time_0.0.npy,0.011549068091779899,0.0025891609115727366,0.0917584032708874,0.38711224728807975,0.2723776575567821,16,2.8,50,14580,12
Run_FL16_ISC2.5_coupling_90_CTenergy_14580_model_12,Monomer_60pct_CT_40pct_RP1_0pct_CTRP1_0pct,time_resolved_Monomer_60pct_CT_40pct_RP1_0pct_CTRP1_0pct_start_time_0.0.npy,wavelength_resolved_Monomer_60pct_CT_40pct_RP1_0pct_CTRP1_0pct_start_time_0.0.npy,0.011520087701608932,0.0025291729362940615,0.09471632247088678,0.38305625335502985,0.2732988987119086,16,2.5,90,14580,12
Run_FL16_ISC3_coupling_150_CTenergy_14580_model_12,Monomer_80pct_CT_20pct_RP1_0pct_CTRP1_0pct,time_resolved_Monomer_80pct_CT_20pct_RP1_0pct_CTRP1_0pct_start_time_0.0.npy,wavelength_resolved_Monomer_80pct_CT_20pct_RP1_0pct_CTRP1_0pct_start_time_0.0.npy,0.004082241540170355,0.002642621971714907,0.15791897869501398,0.20529389549919141,0.2733563392151594,16,3.0,150,14580,12
Run_FL16_ISC2.5_coupling_250_CTenergy_14580_model_12,Monomer_80pct_CT_20pct_RP1_0pct_CTRP1_0pct,time_resolved_Monomer_80pct_CT_20pct_RP1_0pct_CTRP1_0pct_start_time_0.0.npy,wavelength_resolved_Monomer_80pct_CT_20pct_RP1_0pct_CTRP1_0pct_start_time_0.0.npy,0.008733756869836865,0.0025797060241109352,0.11930768988912954,0.3144803000156465,0.27531729380906433,16,2.5,250,14580,12
Run_FL16_ISC3_coupling_30_CTenergy_14580_model_12,Monomer_30pct_CT_70pct_RP1_0pct_CTRP1_0pct,time_resolved_Monomer_30pct_CT_70pct_RP1_0pct_CTRP1_0pct_start_time_0.0.npy,wavelength_resolved_Monomer_30pct_CT_70pct_RP1_0pct_CTRP1_0pct_start_time_0.0.npy,0.022750595881523752,0.0025560592482762753,0.02154671101631348,0.489526844578464,0.27799070628379124,16,3.0,30,14580,12
Run_FL16_ISC2.7_coupling_50_CTenergy_14580_model_12,Monomer_50pct_CT_50pct_RP1_0pct_CTRP1_0pct,time_resolved_Monomer_50pct_CT_50pct_RP1_0pct_CTRP1_0pct_start_time_0.0.npy,wavelength_resolved_Monomer_50pct_CT_50pct_RP1_0pct_CTRP1_0pct_start_time_0.0.npy,0.012945449386526402,0.0025890403937283563,0.09300778279919018,0.40612643155119366,0.27985934510939037,16,2.7,50,14580,12
Run_FL16_ISC2.8_coupling_150_CTenergy_14580_model_12,Monomer_80pct_CT_20pct_RP1_0pct_CTRP1_0pct,time_resolved_Monomer_80pct_CT_20pct_RP1_0pct_CTRP1_0pct_start_time_0.0.npy,wavelength_resolved_Monomer_80pct_CT_20pct_RP1_0pct_CTRP1_0pct_start_time_0.0.npy,0.005605321041979315,0.002642675777303731,0.15961998858445212,0.25063061124618585,0.28387020521704887,16,2.8,150,14580,12
Run_FL16_ISC2.5_coupling_40_CTenergy_14580_model_12,Monomer_40pct_CT_60pct_RP1_0pct_CTRP1_0pct,time_resolved_Monomer_40pct_CT_60pct_RP1_0pct_CTRP1_0pct_start_time_0.0.npy,wavelength_resolved_Monomer_40pct_CT_60pct_RP1_0pct_CTRP1_0pct_start_time_0.0.npy,0.021702538311443437,0.0025647568909670693,0.040186651475769775,0.49864198106774343,0.28539168755397737,16,2.5,40,14580,12
Run_FL16_ISC2.7_coupling_150_CTenergy_14580_model_12,Monomer_80pct_CT_20pct_RP1_0pct_CTRP1_0pct,time_resolved_Monomer_80pct_CT_20pct_RP1_0pct_CTRP1_0pct_start_time_0.0.npy,wavelength_resolved_Monomer_80pct_CT_20pct_RP1_0pct_CTRP1_0pct_start_time_0.0.npy,0.00655820255108038,0.002642692702388464,0.16054194723555257,0.27365371184844295,0.2899718499607432,16,2.7,150,14580,12
Run_FL16_ISC2_coupling_60_CTenergy_14580_model_12,Monomer_50pct_CT_50pct_RP1_0pct_CTRP1_0pct,time_resolved_Monomer_50pct_CT_50pct_RP1_0pct_CTRP1_0pct_start_time_0.0.npy,wavelength_resolved_Monomer_50pct_CT_50pct_RP1_0pct_CTRP1_0pct_start_time_0.0.npy,0.025794012104201826,0.0025411181042555714,0.022257841081917785,0.5371083920079089,0.29070923258241943,16,2.0,60,14580,12
Run_FL16_ISC2.8_coupling_30_CTenergy_14580_model_12,Monomer_30pct_CT_70pct_RP1_0pct_CTRP1_0pct,time_resolved_Monomer_30pct_CT_70pct_RP1_0pct_CTRP1_0pct_start_time_0.0.npy,wavelength_resolved_Monomer_30pct_CT_70pct_RP1_0pct_CTRP1_0pct_start_time_0.0.npy,0.02558686534297654,0.002555266986498016,0.024326985079867875,0.5192966364668264,0.29141838329159975,16,2.8,30,14580,12
Run_FL16_ISC2_coupling_180_CTenergy_14580_model_12,Monomer_80pct_CT_20pct_RP1_0pct_CTRP1_0pct,time_resolved_Monomer_80pct_CT_20pct_RP1_0pct_CTRP1_0pct_start_time_0.0.npy,wavelength_resolved_Monomer_80pct_CT_20pct_RP1_0pct_CTRP1_0pct_start_time_0.0.npy,0.017629619654474942,0.0026170366124371736,0.08159356518346024,0.43936395554683005,0.2945371064641582,16,2.0,180,14580,12
Run_FL16_ISC2.5_coupling_50_CTenergy_14580_model_12,Monomer_50pct_CT_50pct_RP1_0pct_CTRP1_0pct,time_resolved_Monomer_50pct_CT_50pct_RP1_0pct_CTRP1_0pct_start_time_0.0.npy,wavelength_resolved_Monomer_50pct_CT_50pct_RP1_0pct_CTRP1_0pct_start_time_0.0.npy,0.01611409688383971,0.0025887210131070562,0.09573363600553929,0.4447069070009119,0.2961776411928958,16,2.5,50,14580,12
Run_FL16_ISC2.7_coupling_30_CTenergy_14580_model_12,Monomer_30pct_CT_70pct_RP1_0pct_CTRP1_0pct,time_resolved_Monomer_30pct_CT_70pct_RP1_0pct_CTRP1_0pct_start_time_0.0.npy,wavelength_resolved_Monomer_30pct_CT_70pct_RP1_0pct_CTRP1_0pct_start_time_0.0.npy,0.02714578919013568,0.0025548075248654828,0.025845334662526004,0.5343733846047607,0.298682834147846,16,2.7,30,14580,12
Run_FL16_ISC3_coupling_300_CTenergy_14580_model_12,Monomer_80pct_CT_20pct_RP1_0pct_CTRP1_0pct,time_resolved_Monomer_80pct_CT_20pct_RP1_0pct_CTRP1_0pct_start_time_0.0.npy,wavelength_resolved_Monomer_80pct_CT_20pct_RP1_0pct_CTRP1_0pct_start_time_0.0.npy,0.004056332580852254,0.002562380555036373,0.2632398661953182,0.19789595931471224,0.2987863047498497,16,3.0,300,14580,12
Run_FL16_ISC3_coupling_20_CTenergy_14580_model_12,Monomer_90pct_CT_10pct_RP1_0pct_CTRP1_0pct,time_resolved_Monomer_90pct_CT_10pct_RP1_0pct_CTRP1_0pct_start_time_0.0.npy,wavelength_resolved_Monomer_90pct_CT_10pct_RP1_0pct_CTRP1_0pct_start_time_0.0.npy,0.004196651161200339,0.0029351289321553967,0.6625588163619056,0.20084601962349288,0.3029260487030454,16,3.0,20,14580,12
Run_FL16_ISC3_coupling_10_CTenergy_14580_model_12,Monomer_90pct_CT_10pct_RP1_0pct_CTRP1_0pct,time_resolved_Monomer_90pct_CT_10pct_RP1_0pct_CTRP1_0pct_start_time_0.0.npy,wavelength_resolved_Monomer_90pct_CT_10pct_RP1_0pct_CTRP1_0pct_start_time_0.0.npy,0.004204726973937088,0.002946697072827601,0.6797016313192293,0.20250104651188916,0.3030780724233907,16,3.0,10,14580,12
Run_FL16_ISC2.5_coupling_150_CTenergy_14580_model_12,Monomer_80pct_CT_20pct_RP1_0pct_CTRP1_0pct,time_resolved_Monomer_80pct_CT_20pct_RP1_0pct_CTRP1_0pct_start_time_0.0.npy,wavelength_resolved_Monomer_80pct_CT_20pct_RP1_0pct_CTRP1_0pct_start_time_0.0.npy,0.008893943709179633,0.0026426928487295375,0.16254806665327023,0.32041905500014695,0.30391501736559984,16,2.5,150,14580,12
Run_FL16_ISC2.8_coupling_300_CTenergy_14580_model_12,Monomer_80pct_CT_20pct_RP1_0pct_CTRP1_0pct,time_resolved_Monomer_80pct_CT_20pct_RP1_0pct_CTRP1_0pct_start_time_0.0.npy,wavelength_resolved_Monomer_80pct_CT_20pct_RP1_0pct_CTRP1_0pct_start_time_0.0.npy,0.005518771951709467,0.0025620832117471105,0.260449035447208,0.24367504654076763,0.3078047348494588,16,2.8,300,14580,12
Run_FL16_ISC2_coupling_90_CTenergy_14580_model_12,Monomer_60pct_CT_40pct_RP1_0pct_CTRP1_0pct,time_resolved_Monomer_60pct_CT_40pct_RP1_0pct_CTRP1_0pct_start_time_0.0.npy,wavelength_resolved_Monomer_60pct_CT_40pct_RP1_0pct_CTRP1_0pct_start_time_0.0.npy,0.0214383554222505,0.0025280240556943717,0.08446460931258144,0.4937695669314444,0.31132472274815015,16,2.0,90,14580,12
Run_FL16_ISC2_coupling_250_CTenergy_14580_model_12,Monomer_80pct_CT_20pct_RP1_0pct_CTRP1_0pct,time_resolved_Monomer_80pct_CT_20pct_RP1_0pct_CTRP1_0pct_start_time_0.0.npy,wavelength_resolved_Monomer_80pct_CT_20pct_RP1_0pct_CTRP1_0pct_start_time_0.0.npy,0.01749045518439596,0.002578697152771659,0.1105110897377408,0.43685511021701956,0.31140077154853835,16,2.0,250,14580,12
Run_FL16_ISC2.8_coupling_20_CTenergy_14580_model_12,Monomer_90pct_CT_10pct_RP1_0pct_CTRP1_0pct,time_resolved_Monomer_90pct_CT_10pct_RP1_0pct_CTRP1_0pct_start_time_0.0.npy,wavelength_resolved_Monomer_90pct_CT_10pct_RP1_0pct_CTRP1_0pct_start_time_0.0.npy,0.00567041478026648,0.0029346356810202234,0.6626764071849142,0.24617939025007987,0.31230551957885455,16,2.8,20,14580,12
Run_FL16_ISC2.8_coupling_10_CTenergy_14580_model_12,Monomer_100pct_CT_0pct_RP1_0pct_CTRP1_0pct,time_resolved_Monomer_100pct_CT_0pct_RP1_0pct_CTRP1_0pct_start_time_0.0.npy,wavelength_resolved_Monomer_100pct_CT_0pct_RP1_0pct_CTRP1_0pct_start_time_0.0.npy,0.005661593937861061,0.0029561632490314356,0.6871478310359742,0.2120909055275363,0.31245477787136533,16,2.8,10,14580,12
Run_FL16_ISC2.7_coupling_300_CTenergy_14580_model_12,Monomer_80pct_CT_20pct_RP1_0pct_CTRP1_0pct,time_resolved_Monomer_80pct_CT_20pct_RP1_0pct_CTRP1_0pct_start_time_0.0.npy,wavelength_resolved_Monomer_80pct_CT_20pct_RP1_0pct_CTRP1_0pct_start_time_0.0.npy,0.006442520788204284,0.00256191129369388,0.25893317804827615,0.2669219435292293,0.3131376315808568,16,2.7,300,14580,12
Run_FL16_ISC2.5_coupling_30_CTenergy_14580_model_12,Monomer_30pct_CT_70pct_RP1_0pct_CTRP1_0pct,time_resolved_Monomer_30pct_CT_70pct_RP1_0pct_CTRP1_0pct_start_time_0.0.npy,wavelength_resolved_Monomer_30pct_CT_70pct_RP1_0pct_CTRP1_0pct_start_time_0.0.npy,0.030574549839479336,0.0025537286083569394,0.029178122755919803,0.5649259388590869,0.3144194031929079,16,2.5,30,14580,12
Run_FL16_ISC2.7_coupling_10_CTenergy_14580_model_12,Monomer_100pct_CT_0pct_RP1_0pct_CTRP1_0pct,time_resolved_Monomer_100pct_CT_0pct_RP1_0pct_CTRP1_0pct_start_time_0.0.npy,wavelength_resolved_Monomer_100pct_CT_0pct_RP1_0pct_CTRP1_0pct_start_time_0.0.npy,0.006429019690273761,0.002955882438497098,0.6871529782620135,0.23611764987393957,0.3170551749296252,16,2.7,10,14580,12
Run_FL16_ISC2.7_coupling_20_CTenergy_14580_model_12,Monomer_100pct_CT_0pct_RP1_0pct_CTRP1_0pct,time_resolved_Monomer_100pct_CT_0pct_RP1_0pct_CTRP1_0pct_start_time_0.0.npy,wavelength_resolved_Monomer_100pct_CT_0pct_RP1_0pct_CTRP1_0pct_start_time_0.0.npy,0.006429019690273761,0.002955882438497098,0.6871529782620135,0.23611764987393957,0.3170551749296252,16,2.7,20,14580,12
Run_FL16_ISC2_coupling_100_CTenergy_14580_model_12,Monomer_70pct_CT_30pct_RP1_0pct_CTRP1_0pct,time_resolved_Monomer_70pct_CT_30pct_RP1_0pct_CTRP1_0pct_start_time_0.0.npy,wavelength_resolved_Monomer_70pct_CT_30pct_RP1_0pct_CTRP1_0pct_start_time_0.0.npy,0.0194288592441577,0.002598768979815038,0.10572515598350966,0.4682449838274946,0.3172043945363239,16,2.0,100,14580,12
Run_FL16_ISC2_coupling_70_CTenergy_14580_model_12,Monomer_60pct_CT_40pct_RP1_0pct_CTRP1_0pct,time_resolved_Monomer_60pct_CT_40pct_RP1_0pct_CTRP1_0pct_start_time_0.0.npy,wavelength_resolved_Monomer_60pct_CT_40pct_RP1_0pct_CTRP1_0pct_start_time_0.0.npy,0.0222560036990265,0.002586362755736554,0.09378574797596582,0.5027148689840676,0.3215916989195915,16,2.0,70,14580,12
Run_FL16_ISC2.5_coupling_300_CTenergy_14580_model_12,Monomer_80pct_CT_20pct_RP1_0pct_CTRP1_0pct,time_resolved_Monomer_80pct_CT_20pct_RP1_0pct_CTRP1_0pct_start_time_0.0.npy,wavelength_resolved_Monomer_80pct_CT_20pct_RP1_0pct_CTRP1_0pct_start_time_0.0.npy,0.008722807765994762,0.0025615049054139153,0.255626581795772,0.3141397086391856,0.32547970897921064,16,2.5,300,14580,12
Run_FL16_ISC2.5_coupling_10_CTenergy_14580_model_12,Monomer_100pct_CT_0pct_RP1_0pct_CTRP1_0pct,time_resolved_Monomer_100pct_CT_0pct_RP1_0pct_CTRP1_0pct_start_time_0.0.npy,wavelength_resolved_Monomer_100pct_CT_0pct_RP1_0pct_CTRP1_0pct_start_time_0.0.npy,0.008404408921401462,0.0029552411317083586,0.6871647090811451,0.2849592528416519,0.32823591368523075,16,2.5,10,14580,12
Run_FL16_ISC2.5_coupling_20_CTenergy_14580_model_12,Monomer_100pct_CT_0pct_RP1_0pct_CTRP1_0pct,time_resolved_Monomer_100pct_CT_0pct_RP1_0pct_CTRP1_0pct_start_time_0.0.npy,wavelength_resolved_Monomer_100pct_CT_0pct_RP1_0pct_CTRP1_0pct_start_time_0.0.npy,0.008404408921401462,0.0029552411317083586,0.6871647090811451,0.2849592528416519,0.32823591368523075,16,2.5,20,14580,12
Run_FL16_ISC2_coupling_40_CTenergy_14580_model_12,Monomer_40pct_CT_60pct_RP1_0pct_CTRP1_0pct,time_resolved_Monomer_40pct_CT_60pct_RP1_0pct_CTRP1_0pct_start_time_0.0.npy,wavelength_resolved_Monomer_40pct_CT_60pct_RP1_0pct_CTRP1_0pct_start_time_0.0.npy,0.032492377461073876,0.002562167888041058,0.04986081938699229,0.5890249438182078,0.33504132096259914,16,2.0,40,14580,12
Run_FL16_ISC2_coupling_50_CTenergy_14580_model_12,Monomer_50pct_CT_50pct_RP1_0pct_CTRP1_0pct,time_resolved_Monomer_50pct_CT_50pct_RP1_0pct_CTRP1_0pct_start_time_0.0.npy,wavelength_resolved_Monomer_50pct_CT_50pct_RP1_0pct_CTRP1_0pct_start_time_0.0.npy,0.026650582128340393,0.002587203252747915,0.10422077217432209,0.5444905748336959,0.3462688674501614,16,2.0,50,14580,12
Run_FL16_ISC2_coupling_150_CTenergy_14580_model_12,Monomer_70pct_CT_30pct_RP1_0pct_CTRP1_0pct,time_resolved_Monomer_70pct_CT_30pct_RP1_0pct_CTRP1_0pct_start_time_0.0.npy,wavelength_resolved_Monomer_70pct_CT_30pct_RP1_0pct_CTRP1_0pct_start_time_0.0.npy,0.018721283907781487,0.0025330771753562646,0.15985600470422462,0.4582152489790208,0.34690987079679525,16,2.0,150,14580,12
Run_FL16_ISC2_coupling_30_CTenergy_14580_model_12,Monomer_30pct_CT_70pct_RP1_0pct_CTRP1_0pct,time_resolved_Monomer_30pct_CT_70pct_RP1_0pct_CTRP1_0pct_start_time_0.0.npy,wavelength_resolved_Monomer_30pct_CT_70pct_RP1_0pct_CTRP1_0pct_start_time_0.0.npy,0.041287248686269165,0.002549652504803872,0.039742459652679266,0.6436821979682202,0.36203155197051046,16,2.0,30,14580,12
Run_FL16_ISC2_coupling_300_CTenergy_14580_model_12,Monomer_90pct_CT_10pct_RP1_0pct_CTRP1_0pct,time_resolved_Monomer_90pct_CT_10pct_RP1_0pct_CTRP1_0pct_start_time_0.0.npy,wavelength_resolved_Monomer_90pct_CT_10pct_RP1_0pct_CTRP1_0pct_start_time_0.0.npy,0.016903548903971735,0.002708476835464135,0.25682473224514846,0.42369460220835975,0.36669310495684393,16,2.0,300,14580,12
Run_FL16_ISC2_coupling_10_CTenergy_14580_model_12,Monomer_100pct_CT_0pct_RP1_0pct_CTRP1_0pct,time_resolved_Monomer_100pct_CT_0pct_RP1_0pct_CTRP1_0pct_start_time_0.0.npy,wavelength_resolved_Monomer_100pct_CT_0pct_RP1_0pct_CTRP1_0pct_start_time_0.0.npy,0.016461778407377486,0.0029529925612063624,0.6872062155017028,0.41185945093176557,0.3682588817695796,16,2.0,10,14580,12
Run_FL16_ISC2_coupling_20_CTenergy_14580_model_12,Monomer_100pct_CT_0pct_RP1_0pct_CTRP1_0pct,time_resolved_Monomer_100pct_CT_0pct_RP1_0pct_CTRP1_0pct_start_time_0.0.npy,wavelength_resolved_Monomer_100pct_CT_0pct_RP1_0pct_CTRP1_0pct_start_time_0.0.npy,0.016461778407377486,0.0029529925612063624,0.6872062155017028,0.41185945093176557,0.3682588817695796,16,2.0,20,14580,12
Run_FL16_ISC1_coupling_60_CTenergy_14580_model_12,Monomer_50pct_CT_50pct_RP1_0pct_CTRP1_0pct,time_resolved_Monomer_50pct_CT_50pct_RP1_0pct_CTRP1_0pct_start_time_0.0.npy,wavelength_resolved_Monomer_50pct_CT_50pct_RP1_0pct_CTRP1_0pct_start_time_0.0.npy,0.06350038810899614,0.0025270297495026475,0.014295645238206646,0.7558575147333418,3.7765853018033746,16,1.0,60,14580,12
Run_FL16_ISC1_coupling_120_CTenergy_14580_model_12,Monomer_70pct_CT_30pct_RP1_0pct_CTRP1_0pct,time_resolved_Monomer_70pct_CT_30pct_RP1_0pct_CTRP1_0pct_start_time_0.0.npy,wavelength_resolved_Monomer_70pct_CT_30pct_RP1_0pct_CTRP1_0pct_start_time_0.0.npy,0.05678356482611795,0.0025553902688486385,0.024344295060525597,0.7166976379078139,3.8463883754861925,16,1.0,120,14580,12
Run_FL16_ISC1_coupling_80_CTenergy_14580_model_12,Monomer_60pct_CT_40pct_RP1_0pct_CTRP1_0pct,time_resolved_Monomer_60pct_CT_40pct_RP1_0pct_CTRP1_0pct_start_time_0.0.npy,wavelength_resolved_Monomer_60pct_CT_40pct_RP1_0pct_CTRP1_0pct_start_time_0.0.npy,0.059738946220405154,0.002543690648421835,0.03659190761572513,0.7350773220879719,3.920052888802389,16,1.0,80,14580,12
Run_FL16_ISC1_coupling_90_CTenergy_14580_model_12,Monomer_60pct_CT_40pct_RP1_0pct_CTRP1_0pct,time_resolved_Monomer_60pct_CT_40pct_RP1_0pct_CTRP1_0pct_start_time_0.0.npy,wavelength_resolved_Monomer_60pct_CT_40pct_RP1_0pct_CTRP1_0pct_start_time_0.0.npy,0.059363947018766,0.002517128217723978,0.04801143875924087,0.7328895985945555,3.984857134648145,16,1.0,90,14580,12
Run_FL16_ISC1_coupling_200_CTenergy_14580_model_12,Monomer_80pct_CT_20pct_RP1_0pct_CTRP1_0pct,time_resolved_Monomer_80pct_CT_20pct_RP1_0pct_CTRP1_0pct_start_time_0.0.npy,wavelength_resolved_Monomer_80pct_CT_20pct_RP1_0pct_CTRP1_0pct_start_time_0.0.npy,0.0548286626313393,0.002596966284119555,0.05251246484839737,0.7030831842500591,4.032637107143902,16,1.0,200,14580,12
Run_FL16_ISC1_coupling_50_CTenergy_14580_model_12,Monomer_40pct_CT_60pct_RP1_0pct_CTRP1_0pct,time_resolved_Monomer_40pct_CT_60pct_RP1_0pct_CTRP1_0pct_start_time_0.0.npy,wavelength_resolved_Monomer_40pct_CT_60pct_RP1_0pct_CTRP1_0pct_start_time_0.0.npy,0.06799643729705336,0.0024893704406057614,0.07639269702681278,0.7779962091293426,4.1553432325815525,16,1.0,50,14580,12
Run_FL16_ISC1_coupling_20_CTenergy_14580_model_12,Monomer_10pct_CT_90pct_RP1_0pct_CTRP1_0pct,time_resolved_Monomer_10pct_CT_90pct_RP1_0pct_CTRP1_0pct_start_time_0.0.npy,wavelength_resolved_Monomer_10pct_CT_90pct_RP1_0pct_CTRP1_0pct_start_time_0.0.npy,0.09509670661359525,0.0023780528681228777,0.08558508926137769,0.8798301655200648,4.1847830165282085,16,1.0,20,14580,12
Run_FL16_ISC1_coupling_30_CTenergy_14580_model_12,Monomer_30pct_CT_70pct_RP1_0pct_CTRP1_0pct,time_resolved_Monomer_30pct_CT_70pct_RP1_0pct_CTRP1_0pct_start_time_0.0.npy,wavelength_resolved_Monomer_30pct_CT_70pct_RP1_0pct_CTRP1_0pct_start_time_0.0.npy,0.07595015516520827,0.0025241455789800833,0.08060058759627164,0.8122727381207359,4.190277442396637,16,1.0,30,14580,12
Run_FL16_ISC1_coupling_250_CTenergy_14580_model_12,Monomer_80pct_CT_20pct_RP1_0pct_CTRP1_0pct,time_resolved_Monomer_80pct_CT_20pct_RP1_0pct_CTRP1_0pct_start_time_0.0.npy,wavelength_resolved_Monomer_80pct_CT_20pct_RP1_0pct_CTRP1_0pct_start_time_0.0.npy,0.05472611498068165,0.002570206655436069,0.07894673859283288,0.7023474538718251,4.191296262453052,16,1.0,250,14580,12
Run_FL16_ISC1_coupling_40_CTenergy_14580_model_12,Monomer_40pct_CT_60pct_RP1_0pct_CTRP1_0pct,time_resolved_Monomer_40pct_CT_60pct_RP1_0pct_CTRP1_0pct_start_time_0.0.npy,wavelength_resolved_Monomer_40pct_CT_60pct_RP1_0pct_CTRP1_0pct_start_time_0.0.npy,0.06915217413767275,0.0025434396875380428,0.08590780274005105,0.7833045365610292,4.228215325394306,16,1.0,40,14580,12
Run_FL16_ISC1_coupling_70_CTenergy_14580_model_12,Monomer_50pct_CT_50pct_RP1_0pct_CTRP1_0pct,time_resolved_Monomer_50pct_CT_50pct_RP1_0pct_CTRP1_0pct_start_time_0.0.npy,wavelength_resolved_Monomer_50pct_CT_50pct_RP1_0pct_CTRP1_0pct_start_time_0.0.npy,0.06283136613828788,0.0024905880684048336,0.10620825372168038,0.7523750571417491,4.341993719789776,16,1.0,70,14580,12
Run_FL16_ISC1_coupling_180_CTenergy_14580_model_12,Monomer_80pct_CT_20pct_RP1_0pct_CTRP1_0pct,time_resolved_Monomer_80pct_CT_20pct_RP1_0pct_CTRP1_0pct_start_time_0.0.npy,wavelength_resolved_Monomer_80pct_CT_20pct_RP1_0pct_CTRP1_0pct_start_time_0.0.npy,0.05490682596318108,0.002610178899992737,0.10618327985385381,0.7036392701171845,4.3713050879949265,16,1.0,180,14580,12
Run_FL16_ISC1_coupling_150_CTenergy_14580_model_12,Monomer_70pct_CT_30pct_RP1_0pct_CTRP1_0pct,time_resolved_Monomer_70pct_CT_30pct_RP1_0pct_CTRP1_0pct_start_time_0.0.npy,wavelength_resolved_Monomer_70pct_CT_30pct_RP1_0pct_CTRP1_0pct_start_time_0.0.npy,0.056364770087092876,0.0025232128326798027,0.12392563609441855,0.7139362122782695,4.460828089223431,16,1.0,150,14580,12
Run_FL16_ISC1_coupling_100_CTenergy_14580_model_12,Monomer_60pct_CT_40pct_RP1_0pct_CTRP1_0pct,time_resolved_Monomer_60pct_CT_40pct_RP1_0pct_CTRP1_0pct_start_time_0.0.npy,wavelength_resolved_Monomer_60pct_CT_40pct_RP1_0pct_CTRP1_0pct_start_time_0.0.npy,0.05902778057083911,0.002496517962601861,0.12987588837491998,0.7309022537794089,4.491392361623027,16,1.0,100,14580,12
Run_FL16_ISC1_coupling_10_CTenergy_14580_model_12,Monomer_0pct_CT_100pct_RP1_0pct_CTRP1_0pct,time_resolved_Monomer_0pct_CT_100pct_RP1_0pct_CTRP1_0pct_start_time_0.0.npy,wavelength_resolved_Monomer_0pct_CT_100pct_RP1_0pct_CTRP1_0pct_start_time_0.0.npy,0.11227657246487573,0.0022890512261012448,0.2571219957346623,0.9314621623057157,4.877051319175477,16,1.0,10,14580,12
Run_FL16_ISC1_coupling_300_CTenergy_14580_model_12,Monomer_70pct_CT_30pct_RP1_0pct_CTRP1_0pct,time_resolved_Monomer_70pct_CT_30pct_RP1_0pct_CTRP1_0pct_start_time_0.0.npy,wavelength_resolved_Monomer_70pct_CT_30pct_RP1_0pct_CTRP1_0pct_start_time_0.0.npy,0.05574077528784007,0.0025444969889642324,0.7765288631089073,0.709744327722942,4.941552358622235,16,1.0,300,14580,12
