Run_Name,Ratio,Time_File,Wavelength_File,Time_MSE,Wavelength_MSE,Region_AUC_Error,Tau_Avg_Error,Combined_Score,FL,ISC,RP,coupling,energy
Run_FL16_ISC5_RP3_coupling_100_CT_energy_14580,Monomer_0pct_CT_0pct_RP1_100pct_CTRP1_0pct,time_resolved_Monomer_0pct_CT_0pct_RP1_100pct_CTRP1_0pct_start_time_0.0.npy,wavelength_resolved_Monomer_0pct_CT_0pct_RP1_100pct_CTRP1_0pct_start_time_0.0.npy,0.04151483315645257,0.01198134501553446,5.6521655878526875,0.636096626677576,0.6067659012214103,16,5,3.0,100,14580
Run_FL16_ISC5_RP3_coupling_150_CT_energy_14580,Monomer_0pct_CT_0pct_RP1_100pct_CTRP1_0pct,time_resolved_Monomer_0pct_CT_0pct_RP1_100pct_CTRP1_0pct_start_time_0.0.npy,wavelength_resolved_Monomer_0pct_CT_0pct_RP1_100pct_CTRP1_0pct_start_time_0.0.npy,0.031306889198814074,0.018565416723061095,7.517424715890877,0.5741473158437537,0.6157669411563576,16,5,3.0,150,14580
Run_FL16_ISC5_RP3_coupling_200_CT_energy_14580,Monomer_0pct_CT_0pct_RP1_100pct_CTRP1_0pct,time_resolved_Monomer_0pct_CT_0pct_RP1_100pct_CTRP1_0pct_start_time_0.0.npy,wavelength_resolved_Monomer_0pct_CT_0pct_RP1_100pct_CTRP1_0pct_start_time_0.0.npy,0.026841884194976774,0.02709159217147818,9.393480586944017,0.5428932266137311,0.6544981824096145,16,5,3.0,200,14580
Run_FL16_ISC5_RP2_coupling_150_CT_energy_14580,Monomer_0pct_CT_0pct_RP1_100pct_CTRP1_0pct,time_resolved_Monomer_0pct_CT_0pct_RP1_100pct_CTRP1_0pct_start_time_0.0.npy,wavelength_resolved_Monomer_0pct_CT_0pct_RP1_100pct_CTRP1_0pct_start_time_0.0.npy,0.0436280558893582,0.017789466093223655,7.321046039718977,0.6587939887253131,0.6821330762784142,16,5,2.0,150,14580
Run_FL16_ISC5_RP3_coupling_250_CT_energy_14580,Monomer_0pct_CT_0pct_RP1_100pct_CTRP1_0pct,time_resolved_Monomer_0pct_CT_0pct_RP1_100pct_CTRP1_0pct_start_time_0.0.npy,wavelength_resolved_Monomer_0pct_CT_0pct_RP1_100pct_CTRP1_0pct_start_time_0.0.npy,0.025307708002714757,0.039913934674260125,11.66824202398867,0.5316974999145946,0.7308795625602149,16,5,3.0,250,14580
Run_FL16_ISC5_RP2_coupling_200_CT_energy_14580,Monomer_0pct_CT_0pct_RP1_100pct_CTRP1_0pct,time_resolved_Monomer_0pct_CT_0pct_RP1_100pct_CTRP1_0pct_start_time_0.0.npy,wavelength_resolved_Monomer_0pct_CT_0pct_RP1_100pct_CTRP1_0pct_start_time_0.0.npy,0.03930279094429171,0.025982258781907484,9.172055705135746,0.6338615683567284,0.7327709578268926,16,5,2.0,200,14580
Run_FL16_ISC3_RP3_coupling_200_CT_energy_14580,Monomer_0pct_CT_0pct_RP1_100pct_CTRP1_0pct,time_resolved_Monomer_0pct_CT_0pct_RP1_100pct_CTRP1_0pct_start_time_0.0.npy,wavelength_resolved_Monomer_0pct_CT_0pct_RP1_100pct_CTRP1_0pct_start_time_0.0.npy,0.04105435353733543,0.025960654128709994,9.23419951916058,0.6451877488946669,0.744003118066521,16,3,3.0,200,14580
Run_FL16_ISC5_RP2_coupling_250_CT_energy_14580,Monomer_0pct_CT_0pct_RP1_100pct_CTRP1_0pct,time_resolved_Monomer_0pct_CT_0pct_RP1_100pct_CTRP1_0pct_start_time_0.0.npy,wavelength_resolved_Monomer_0pct_CT_0pct_RP1_100pct_CTRP1_0pct_start_time_0.0.npy,0.037926604602846546,0.03829235440614788,11.41261676182832,0.6255666651278448,0.8216378047586219,16,5,2.0,250,14580
Run_FL16_ISC3_RP3_coupling_250_CT_energy_14580,Monomer_0pct_CT_0pct_RP1_100pct_CTRP1_0pct,time_resolved_Monomer_0pct_CT_0pct_RP1_100pct_CTRP1_0pct_start_time_0.0.npy,wavelength_resolved_Monomer_0pct_CT_0pct_RP1_100pct_CTRP1_0pct_start_time_0.0.npy,0.039325687976634285,0.03807886346130244,11.425847793853105,0.634866953693429,0.8304839232261166,16,3,3.0,250,14580
Run_FL16_ISC5_RP0.2_coupling_20_CT_energy_14580,Monomer_0pct_CT_0pct_RP1_100pct_CTRP1_0pct,time_resolved_Monomer_0pct_CT_0pct_RP1_100pct_CTRP1_0pct_start_time_0.0.npy,wavelength_resolved_Monomer_0pct_CT_0pct_RP1_100pct_CTRP1_0pct_start_time_0.0.npy,0.13182824384170655,0.002533456574573641,0.009965435473653597,0.9763452663101584,3.7511106291629135,16,5,0.2,20,14580
Run_FL16_ISC3_RP0.2_coupling_20_CT_energy_14580,Monomer_0pct_CT_0pct_RP1_100pct_CTRP1_0pct,time_resolved_Monomer_0pct_CT_0pct_RP1_100pct_CTRP1_0pct_start_time_0.0.npy,wavelength_resolved_Monomer_0pct_CT_0pct_RP1_100pct_CTRP1_0pct_start_time_0.0.npy,0.1320084274218239,0.002160188368001157,0.10950364427474264,0.9767796595778888,4.277678283769011,16,3,0.2,20,14580
Run_FL16_ISC3_RP0.2_coupling_50_CT_energy_14580,Monomer_0pct_CT_0pct_RP1_100pct_CTRP1_0pct,time_resolved_Monomer_0pct_CT_0pct_RP1_100pct_CTRP1_0pct_start_time_0.0.npy,wavelength_resolved_Monomer_0pct_CT_0pct_RP1_100pct_CTRP1_0pct_start_time_0.0.npy,0.12785388417210486,0.00230694855894555,1.2037463948167348,0.9638208841186091,4.881672912983012,16,3,0.2,50,14580
Run_FL16_ISC3_RP0.4_coupling_20_CT_energy_14580,Monomer_0pct_CT_0pct_RP1_100pct_CTRP1_0pct,time_resolved_Monomer_0pct_CT_0pct_RP1_100pct_CTRP1_0pct_start_time_0.0.npy,wavelength_resolved_Monomer_0pct_CT_0pct_RP1_100pct_CTRP1_0pct_start_time_0.0.npy,0.12617889788547582,0.002483726782650167,0.2477052649603476,0.9647580305248522,4.926482415442704,16,3,0.4,20,14580
Run_FL16_ISC5_RP0.4_coupling_20_CT_energy_14580,Monomer_0pct_CT_0pct_RP1_100pct_CTRP1_0pct,time_resolved_Monomer_0pct_CT_0pct_RP1_100pct_CTRP1_0pct_start_time_0.0.npy,wavelength_resolved_Monomer_0pct_CT_0pct_RP1_100pct_CTRP1_0pct_start_time_0.0.npy,0.1252330584453513,0.002658803013532519,0.3260787755725863,0.9624419387620284,4.969466825882849,16,5,0.4,20,14580
Run_FL16_ISC3_RP0.6_coupling_20_CT_energy_14580,Monomer_0pct_CT_0pct_RP1_100pct_CTRP1_0pct,time_resolved_Monomer_0pct_CT_0pct_RP1_100pct_CTRP1_0pct_start_time_0.0.npy,wavelength_resolved_Monomer_0pct_CT_0pct_RP1_100pct_CTRP1_0pct_start_time_0.0.npy,0.12109096114026954,0.0027467645348920934,0.4620985333085307,0.9529679947791853,4.990583046835868,16,3,0.6,20,14580
Run_FL16_ISC5_RP0.6_coupling_20_CT_energy_14580,Monomer_0pct_CT_0pct_RP1_100pct_CTRP1_0pct,time_resolved_Monomer_0pct_CT_0pct_RP1_100pct_CTRP1_0pct_start_time_0.0.npy,wavelength_resolved_Monomer_0pct_CT_0pct_RP1_100pct_CTRP1_0pct_start_time_0.0.npy,0.11978135978078439,0.0027778001170172093,0.5020354384423262,0.9495982019065762,4.997961043761788,16,5,0.6,20,14580
Run_FL16_ISC3_RP0.8_coupling_20_CT_energy_14580,Monomer_0pct_CT_0pct_RP1_100pct_CTRP1_0pct,time_resolved_Monomer_0pct_CT_0pct_RP1_100pct_CTRP1_0pct_start_time_0.0.npy,wavelength_resolved_Monomer_0pct_CT_0pct_RP1_100pct_CTRP1_0pct_start_time_0.0.npy,0.11714134834352694,0.0028265127342673906,0.5627556041779287,0.9430951278522628,5.009467414214934,16,3,0.8,20,14580
Run_FL16_ISC5_RP0.8_coupling_20_CT_energy_14580,Monomer_0pct_CT_0pct_RP1_100pct_CTRP1_0pct,time_resolved_Monomer_0pct_CT_0pct_RP1_100pct_CTRP1_0pct_start_time_0.0.npy,wavelength_resolved_Monomer_0pct_CT_0pct_RP1_100pct_CTRP1_0pct_start_time_0.0.npy,0.11521050794758794,0.0028683299205052607,0.6092573347277357,0.937773523731716,5.019274513508045,16,5,0.8,20,14580
Run_FL16_ISC3_RP1_coupling_20_CT_energy_14580,Monomer_0pct_CT_0pct_RP1_100pct_CTRP1_0pct,time_resolved_Monomer_0pct_CT_0pct_RP1_100pct_CTRP1_0pct_start_time_0.0.npy,wavelength_resolved_Monomer_0pct_CT_0pct_RP1_100pct_CTRP1_0pct_start_time_0.0.npy,0.11386759570458627,0.002886222101879599,0.629693019511219,0.9343410962734884,5.023451124394235,16,3,1.0,20,14580
Run_FL16_ISC5_RP0.2_coupling_50_CT_energy_14580,Monomer_0pct_CT_0pct_RP1_100pct_CTRP1_0pct,time_resolved_Monomer_0pct_CT_0pct_RP1_100pct_CTRP1_0pct_start_time_0.0.npy,wavelength_resolved_Monomer_0pct_CT_0pct_RP1_100pct_CTRP1_0pct_start_time_0.0.npy,0.12727445354108452,0.0028911142288453088,1.3556055358823789,0.9623230527976504,5.024591090457678,16,5,0.2,50,14580
Run_FL16_ISC5_RP1_coupling_20_CT_energy_14580,Monomer_0pct_CT_0pct_RP1_100pct_CTRP1_0pct,time_resolved_Monomer_0pct_CT_0pct_RP1_100pct_CTRP1_0pct_start_time_0.0.npy,wavelength_resolved_Monomer_0pct_CT_0pct_RP1_100pct_CTRP1_0pct_start_time_0.0.npy,0.1113226454628645,0.0029363334034330072,0.6807926930141867,0.9268572260910063,5.03508762504522,16,5,1.0,20,14580
Run_FL16_ISC3_RP2_coupling_20_CT_energy_14580,Monomer_0pct_CT_0pct_RP1_100pct_CTRP1_0pct,time_resolved_Monomer_0pct_CT_0pct_RP1_100pct_CTRP1_0pct_start_time_0.0.npy,wavelength_resolved_Monomer_0pct_CT_0pct_RP1_100pct_CTRP1_0pct_start_time_0.0.npy,0.10339097140370343,0.0030368686517459487,0.7772452218607788,0.9021427281125606,5.05816938858724,16,3,2.0,20,14580
Run_FL16_ISC3_RP3_coupling_20_CT_energy_14580,Monomer_0pct_CT_0pct_RP1_100pct_CTRP1_0pct,time_resolved_Monomer_0pct_CT_0pct_RP1_100pct_CTRP1_0pct_start_time_0.0.npy,wavelength_resolved_Monomer_0pct_CT_0pct_RP1_100pct_CTRP1_0pct_start_time_0.0.npy,0.09777381578009933,0.0030948946627767705,0.8279898702635694,0.8816298922474258,5.071336727549421,16,3,3.0,20,14580
Run_FL16_ISC5_RP2_coupling_20_CT_energy_14580,Monomer_0pct_CT_0pct_RP1_100pct_CTRP1_0pct,time_resolved_Monomer_0pct_CT_0pct_RP1_100pct_CTRP1_0pct_start_time_0.0.npy,wavelength_resolved_Monomer_0pct_CT_0pct_RP1_100pct_CTRP1_0pct_start_time_0.0.npy,0.09826883936156497,0.00310641709211829,0.8372156027851863,0.8829849978210114,5.073938304045998,16,5,2.0,20,14580
Run_FL16_ISC5_RP3_coupling_20_CT_energy_14580,Monomer_0pct_CT_0pct_RP1_100pct_CTRP1_0pct,time_resolved_Monomer_0pct_CT_0pct_RP1_100pct_CTRP1_0pct_start_time_0.0.npy,wavelength_resolved_Monomer_0pct_CT_0pct_RP1_100pct_CTRP1_0pct_start_time_0.0.npy,0.09032632676488488,0.0033379860549338247,0.9718832464739794,0.8493872319305088,5.1253447815859,16,5,3.0,20,14580
Run_FL16_ISC3_RP0.4_coupling_50_CT_energy_14580,Monomer_0pct_CT_0pct_RP1_100pct_CTRP1_0pct,time_resolved_Monomer_0pct_CT_0pct_RP1_100pct_CTRP1_0pct_start_time_0.0.npy,wavelength_resolved_Monomer_0pct_CT_0pct_RP1_100pct_CTRP1_0pct_start_time_0.0.npy,0.11775848083212878,0.0037213665074168063,2.0303066068595848,0.9409503370819526,5.207102802347077,16,3,0.4,50,14580
Run_FL16_ISC5_RP0.4_coupling_50_CT_energy_14580,Monomer_0pct_CT_0pct_RP1_100pct_CTRP1_0pct,time_resolved_Monomer_0pct_CT_0pct_RP1_100pct_CTRP1_0pct_start_time_0.0.npy,wavelength_resolved_Monomer_0pct_CT_0pct_RP1_100pct_CTRP1_0pct_start_time_0.0.npy,0.11643625747595157,0.003839658741475719,2.0911091475446053,0.9375818408369126,5.231570542692482,16,5,0.4,50,14580
Run_FL16_ISC3_RP0.2_coupling_100_CT_energy_14580,Monomer_0pct_CT_0pct_RP1_100pct_CTRP1_0pct,time_resolved_Monomer_0pct_CT_0pct_RP1_100pct_CTRP1_0pct_start_time_0.0.npy,wavelength_resolved_Monomer_0pct_CT_0pct_RP1_100pct_CTRP1_0pct_start_time_0.0.npy,0.12306825118915887,0.004191733846426523,2.939932441329079,0.9504025403291683,5.302504271453852,16,3,0.2,100,14580
Run_FL16_ISC3_RP0.6_coupling_50_CT_energy_14580,Monomer_0pct_CT_0pct_RP1_100pct_CTRP1_0pct,time_resolved_Monomer_0pct_CT_0pct_RP1_100pct_CTRP1_0pct_start_time_0.0.npy,wavelength_resolved_Monomer_0pct_CT_0pct_RP1_100pct_CTRP1_0pct_start_time_0.0.npy,0.11012352412313434,0.004285223232831393,2.3591530631908437,0.9217673689884236,5.320896824595963,16,3,0.6,50,14580
Run_FL16_ISC5_RP0.6_coupling_50_CT_energy_14580,Monomer_0pct_CT_0pct_RP1_100pct_CTRP1_0pct,time_resolved_Monomer_0pct_CT_0pct_RP1_100pct_CTRP1_0pct_start_time_0.0.npy,wavelength_resolved_Monomer_0pct_CT_0pct_RP1_100pct_CTRP1_0pct_start_time_0.0.npy,0.10779705142512508,0.004455129007757126,2.429721489515018,0.9152690180579119,5.353880990309814,16,5,0.6,50,14580
Run_FL16_ISC3_RP0.8_coupling_50_CT_energy_14580,Monomer_0pct_CT_0pct_RP1_100pct_CTRP1_0pct,time_resolved_Monomer_0pct_CT_0pct_RP1_100pct_CTRP1_0pct_start_time_0.0.npy,wavelength_resolved_Monomer_0pct_CT_0pct_RP1_100pct_CTRP1_0pct_start_time_0.0.npy,0.1040812790294289,0.004644571887463577,2.5496767856942655,0.905145065663822,5.390019131397633,16,3,0.8,50,14580
Run_FL16_ISC5_RP0.8_coupling_50_CT_energy_14580,Monomer_0pct_CT_0pct_RP1_100pct_CTRP1_0pct,time_resolved_Monomer_0pct_CT_0pct_RP1_100pct_CTRP1_0pct_start_time_0.0.npy,wavelength_resolved_Monomer_0pct_CT_0pct_RP1_100pct_CTRP1_0pct_start_time_0.0.npy,0.10074906839089023,0.004844959875904809,2.6267133540155445,0.895039294071433,5.427555793653394,16,5,0.8,50,14580
Run_FL16_ISC3_RP1_coupling_50_CT_energy_14580,Monomer_0pct_CT_0pct_RP1_100pct_CTRP1_0pct,time_resolved_Monomer_0pct_CT_0pct_RP1_100pct_CTRP1_0pct_start_time_0.0.npy,wavelength_resolved_Monomer_0pct_CT_0pct_RP1_100pct_CTRP1_0pct_start_time_0.0.npy,0.09917652141313459,0.004888442309274407,2.674619908446956,0.8906037238722709,5.435611567721928,16,3,1.0,50,14580
Run_FL16_ISC5_RP0.2_coupling_100_CT_energy_14580,Monomer_0pct_CT_0pct_RP1_100pct_CTRP1_0pct,time_resolved_Monomer_0pct_CT_0pct_RP1_100pct_CTRP1_0pct_start_time_0.0.npy,wavelength_resolved_Monomer_0pct_CT_0pct_RP1_100pct_CTRP1_0pct_start_time_0.0.npy,0.12229101993221239,0.004936970606040279,3.0932013727157344,0.9484091687934132,5.444565666495946,16,5,0.2,100,14580
Run_FL16_ISC5_RP1_coupling_50_CT_energy_14580,Monomer_0pct_CT_0pct_RP1_100pct_CTRP1_0pct,time_resolved_Monomer_0pct_CT_0pct_RP1_100pct_CTRP1_0pct_start_time_0.0.npy,wavelength_resolved_Monomer_0pct_CT_0pct_RP1_100pct_CTRP1_0pct_start_time_0.0.npy,0.09488845290521745,0.005109080519970343,2.7559386603018625,0.8766128571667803,5.476019933582082,16,5,1.0,50,14580
Run_FL16_ISC3_RP2_coupling_50_CT_energy_14580,Monomer_0pct_CT_0pct_RP1_100pct_CTRP1_0pct,time_resolved_Monomer_0pct_CT_0pct_RP1_100pct_CTRP1_0pct_start_time_0.0.npy,wavelength_resolved_Monomer_0pct_CT_0pct_RP1_100pct_CTRP1_0pct_start_time_0.0.npy,0.08407393965161365,0.005439705762896096,2.953890765282406,0.8386340357416799,5.535190291853906,16,3,2.0,50,14580
Run_FL16_ISC3_RP3_coupling_50_CT_energy_14580,Monomer_0pct_CT_0pct_RP1_100pct_CTRP1_0pct,time_resolved_Monomer_0pct_CT_0pct_RP1_100pct_CTRP1_0pct_start_time_0.0.npy,wavelength_resolved_Monomer_0pct_CT_0pct_RP1_100pct_CTRP1_0pct_start_time_0.0.npy,0.07633491022851065,0.005636907424515524,3.056921361471412,0.8065733315147537,5.569747784382192,16,3,3.0,50,14580
Run_FL16_ISC5_RP2_coupling_50_CT_energy_14580,Monomer_0pct_CT_0pct_RP1_100pct_CTRP1_0pct,time_resolved_Monomer_0pct_CT_0pct_RP1_100pct_CTRP1_0pct_start_time_0.0.npy,wavelength_resolved_Monomer_0pct_CT_0pct_RP1_100pct_CTRP1_0pct_start_time_0.0.npy,0.07609784053044193,0.005695533616740299,3.0443645255331533,0.8046220277900268,5.579921098136161,16,5,2.0,50,14580
Run_FL16_ISC5_RP3_coupling_50_CT_energy_14580,Monomer_0pct_CT_0pct_RP1_100pct_CTRP1_0pct,time_resolved_Monomer_0pct_CT_0pct_RP1_100pct_CTRP1_0pct_start_time_0.0.npy,wavelength_resolved_Monomer_0pct_CT_0pct_RP1_100pct_CTRP1_0pct_start_time_0.0.npy,0.06481281800945027,0.006258495610746816,3.244154886547583,0.7490528828866845,5.675430396020444,16,5,3.0,50,14580
Run_FL16_ISC3_RP0.2_coupling_150_CT_energy_14580,Monomer_0pct_CT_0pct_RP1_100pct_CTRP1_0pct,time_resolved_Monomer_0pct_CT_0pct_RP1_100pct_CTRP1_0pct_start_time_0.0.npy,wavelength_resolved_Monomer_0pct_CT_0pct_RP1_100pct_CTRP1_0pct_start_time_0.0.npy,0.12041281168756857,0.006853624649414324,4.32092849862465,0.9427901923687841,5.77250574250237,16,3,0.2,150,14580
Run_FL16_ISC3_RP0.4_coupling_100_CT_energy_14580,Monomer_0pct_CT_0pct_RP1_100pct_CTRP1_0pct,time_resolved_Monomer_0pct_CT_0pct_RP1_100pct_CTRP1_0pct_start_time_0.0.npy,wavelength_resolved_Monomer_0pct_CT_0pct_RP1_100pct_CTRP1_0pct_start_time_0.0.npy,0.10904540352507339,0.0071169025609808655,4.073287947794139,0.915957680425231,5.8143083359414,16,3,0.4,100,14580
Run_FL16_ISC5_RP0.4_coupling_100_CT_energy_14580,Monomer_0pct_CT_0pct_RP1_100pct_CTRP1_0pct,time_resolved_Monomer_0pct_CT_0pct_RP1_100pct_CTRP1_0pct_start_time_0.0.npy,wavelength_resolved_Monomer_0pct_CT_0pct_RP1_100pct_CTRP1_0pct_start_time_0.0.npy,0.1071145824932461,0.007337696014651754,4.1437566730635504,0.910707143207154,5.848866115194394,16,5,0.4,100,14580
Run_FL16_ISC5_RP0.2_coupling_150_CT_energy_14580,Monomer_0pct_CT_0pct_RP1_100pct_CTRP1_0pct,time_resolved_Monomer_0pct_CT_0pct_RP1_100pct_CTRP1_0pct_start_time_0.0.npy,wavelength_resolved_Monomer_0pct_CT_0pct_RP1_100pct_CTRP1_0pct_start_time_0.0.npy,0.11974882374380794,0.007766513056814496,4.497121328832469,0.9411012487570681,5.9147608393106745,16,5,0.2,150,14580
Run_FL16_ISC3_RP0.6_coupling_100_CT_energy_14580,Monomer_0pct_CT_0pct_RP1_100pct_CTRP1_0pct,time_resolved_Monomer_0pct_CT_0pct_RP1_100pct_CTRP1_0pct_start_time_0.0.npy,wavelength_resolved_Monomer_0pct_CT_0pct_RP1_100pct_CTRP1_0pct_start_time_0.0.npy,0.098650637367742,0.008342816094216162,4.528663567772642,0.8871702266561072,6.000972920741063,16,3,0.6,100,14580
Run_FL16_ISC5_RP0.6_coupling_100_CT_energy_14580,Monomer_0pct_CT_0pct_RP1_100pct_CTRP1_0pct,time_resolved_Monomer_0pct_CT_0pct_RP1_100pct_CTRP1_0pct_start_time_0.0.npy,wavelength_resolved_Monomer_0pct_CT_0pct_RP1_100pct_CTRP1_0pct_start_time_0.0.npy,0.09532889622228717,0.008613830148064756,4.600000974183766,0.8770763900234186,6.04065659163226,16,5,0.6,100,14580
Run_FL16_ISC3_RP0.8_coupling_100_CT_energy_14580,Monomer_0pct_CT_0pct_RP1_100pct_CTRP1_0pct,time_resolved_Monomer_0pct_CT_0pct_RP1_100pct_CTRP1_0pct_start_time_0.0.npy,wavelength_resolved_Monomer_0pct_CT_0pct_RP1_100pct_CTRP1_0pct_start_time_0.0.npy,0.09057871311601347,0.009094319120573435,4.789564350901929,0.8624600737989377,6.109764965502118,16,3,0.8,100,14580
Run_FL16_ISC5_RP0.8_coupling_100_CT_energy_14580,Monomer_0pct_CT_0pct_RP1_100pct_CTRP1_0pct,time_resolved_Monomer_0pct_CT_0pct_RP1_100pct_CTRP1_0pct_start_time_0.0.npy,wavelength_resolved_Monomer_0pct_CT_0pct_RP1_100pct_CTRP1_0pct_start_time_0.0.npy,0.08590767532222862,0.009393249037655867,4.863090078339661,0.8468326308546918,6.152000928301582,16,5,0.8,100,14580
Run_FL16_ISC3_RP1_coupling_100_CT_energy_14580,Monomer_0pct_CT_0pct_RP1_100pct_CTRP1_0pct,time_resolved_Monomer_0pct_CT_0pct_RP1_100pct_CTRP1_0pct_start_time_0.0.npy,wavelength_resolved_Monomer_0pct_CT_0pct_RP1_100pct_CTRP1_0pct_start_time_0.0.npy,0.08412767066016909,0.009604281396739665,4.962229561527771,0.8410062384714764,6.181485755808569,16,3,1.0,100,14580
Run_FL16_ISC5_RP1_coupling_100_CT_energy_14580,Monomer_0pct_CT_0pct_RP1_100pct_CTRP1_0pct,time_resolved_Monomer_0pct_CT_0pct_RP1_100pct_CTRP1_0pct_start_time_0.0.npy,wavelength_resolved_Monomer_0pct_CT_0pct_RP1_100pct_CTRP1_0pct_start_time_0.0.npy,0.07821246642948891,0.0099214252195743,5.037612331084001,0.8194796728200133,6.225301355495503,16,5,1.0,100,14580
Run_FL16_ISC3_RP0.2_coupling_200_CT_energy_14580,Monomer_0pct_CT_0pct_RP1_100pct_CTRP1_0pct,time_resolved_Monomer_0pct_CT_0pct_RP1_100pct_CTRP1_0pct_start_time_0.0.npy,wavelength_resolved_Monomer_0pct_CT_0pct_RP1_100pct_CTRP1_0pct_start_time_0.0.npy,0.11909637035864432,0.01005335199388123,5.547132260360172,0.93885522212825,6.243358776724098,16,3,0.2,200,14580
Run_FL16_ISC3_RP2_coupling_100_CT_energy_14580,Monomer_0pct_CT_0pct_RP1_100pct_CTRP1_0pct,time_resolved_Monomer_0pct_CT_0pct_RP1_100pct_CTRP1_0pct_start_time_0.0.npy,wavelength_resolved_Monomer_0pct_CT_0pct_RP1_100pct_CTRP1_0pct_start_time_0.0.npy,0.06487354069444044,0.010812635802655953,5.364669473303218,0.7654873703495068,6.345464901329862,16,3,2.0,100,14580
Run_FL16_ISC5_RP0.2_coupling_200_CT_energy_14580,Monomer_0pct_CT_0pct_RP1_100pct_CTRP1_0pct,time_resolved_Monomer_0pct_CT_0pct_RP1_100pct_CTRP1_0pct_start_time_0.0.npy,wavelength_resolved_Monomer_0pct_CT_0pct_RP1_100pct_CTRP1_0pct_start_time_0.0.npy,0.11859244988066171,0.011247453716406635,5.788410734998857,0.9376334147314414,6.4026261709900005,16,5,0.2,200,14580
Run_FL16_ISC3_RP3_coupling_100_CT_energy_14580,Monomer_0pct_CT_0pct_RP1_100pct_CTRP1_0pct,time_resolved_Monomer_0pct_CT_0pct_RP1_100pct_CTRP1_0pct_start_time_0.0.npy,wavelength_resolved_Monomer_0pct_CT_0pct_RP1_100pct_CTRP1_0pct_start_time_0.0.npy,0.05540405512055051,0.011296499631436197,5.5252286141624865,0.7197403468080994,6.409017173041265,16,3,3.0,100,14580
Run_FL16_ISC3_RP0.4_coupling_150_CT_energy_14580,Monomer_0pct_CT_0pct_RP1_100pct_CTRP1_0pct,time_resolved_Monomer_0pct_CT_0pct_RP1_100pct_CTRP1_0pct_start_time_0.0.npy,wavelength_resolved_Monomer_0pct_CT_0pct_RP1_100pct_CTRP1_0pct_start_time_0.0.npy,0.10464473185855006,0.011362171377669136,5.694479345423949,0.9023338520291289,6.417557103578842,16,3,0.4,150,14580
Run_FL16_ISC5_RP2_coupling_100_CT_energy_14580,Monomer_0pct_CT_0pct_RP1_100pct_CTRP1_0pct,time_resolved_Monomer_0pct_CT_0pct_RP1_100pct_CTRP1_0pct_start_time_0.0.npy,wavelength_resolved_Monomer_0pct_CT_0pct_RP1_100pct_CTRP1_0pct_start_time_0.0.npy,0.05337906918695767,0.011478060899859631,5.482876029355592,0.7087272669877401,6.432578882903325,16,5,2.0,100,14580
Run_FL16_ISC5_RP0.4_coupling_150_CT_energy_14580,Monomer_0pct_CT_0pct_RP1_100pct_CTRP1_0pct,time_resolved_Monomer_0pct_CT_0pct_RP1_100pct_CTRP1_0pct_start_time_0.0.npy,wavelength_resolved_Monomer_0pct_CT_0pct_RP1_100pct_CTRP1_0pct_start_time_0.0.npy,0.10244654834626951,0.01168433827718014,5.777586311589695,0.8960979795379654,6.459166407949724,16,5,0.4,150,14580
Run_FL16_ISC3_RP0.6_coupling_150_CT_energy_14580,Monomer_0pct_CT_0pct_RP1_100pct_CTRP1_0pct,time_resolved_Monomer_0pct_CT_0pct_RP1_100pct_CTRP1_0pct_start_time_0.0.npy,wavelength_resolved_Monomer_0pct_CT_0pct_RP1_100pct_CTRP1_0pct_start_time_0.0.npy,0.09291298265324291,0.01327557310231019,6.2380203376250805,0.8680471281787434,6.658279544732765,16,3,0.6,150,14580
Run_FL16_ISC5_RP0.6_coupling_150_CT_energy_14580,Monomer_0pct_CT_0pct_RP1_100pct_CTRP1_0pct,time_resolved_Monomer_0pct_CT_0pct_RP1_100pct_CTRP1_0pct_start_time_0.0.npy,wavelength_resolved_Monomer_0pct_CT_0pct_RP1_100pct_CTRP1_0pct_start_time_0.0.npy,0.08915800774757171,0.013656939077709335,6.325717741250649,0.8560346738367433,6.704557522271191,16,5,0.6,150,14580
Run_FL16_ISC3_RP0.8_coupling_150_CT_energy_14580,Monomer_0pct_CT_0pct_RP1_100pct_CTRP1_0pct,time_resolved_Monomer_0pct_CT_0pct_RP1_100pct_CTRP1_0pct_start_time_0.0.npy,wavelength_resolved_Monomer_0pct_CT_0pct_RP1_100pct_CTRP1_0pct_start_time_0.0.npy,0.08387994868011253,0.014428737023855486,6.5469302517683925,0.8386951064180278,6.796676078264749,16,3,0.8,150,14580
Run_FL16_ISC5_RP0.8_coupling_150_CT_energy_14580,Monomer_0pct_CT_0pct_RP1_100pct_CTRP1_0pct,time_resolved_Monomer_0pct_CT_0pct_RP1_100pct_CTRP1_0pct_start_time_0.0.npy,wavelength_resolved_Monomer_0pct_CT_0pct_RP1_100pct_CTRP1_0pct_start_time_0.0.npy,0.07863495807739362,0.014842983939806341,6.636688123336002,0.8200898805929808,6.845316138796454,16,5,0.8,150,14580
Run_FL16_ISC3_RP0.2_coupling_250_CT_energy_14580,Monomer_0pct_CT_0pct_RP1_100pct_CTRP1_0pct,time_resolved_Monomer_0pct_CT_0pct_RP1_100pct_CTRP1_0pct_start_time_0.0.npy,wavelength_resolved_Monomer_0pct_CT_0pct_RP1_100pct_CTRP1_0pct_start_time_0.0.npy,0.11941246109949037,0.015116564630418564,7.037366313749578,0.9395797467892795,6.8771471570302065,16,3,0.2,250,14580
Run_FL16_ISC3_RP1_coupling_150_CT_energy_14580,Monomer_0pct_CT_0pct_RP1_100pct_CTRP1_0pct,time_resolved_Monomer_0pct_CT_0pct_RP1_100pct_CTRP1_0pct_start_time_0.0.npy,wavelength_resolved_Monomer_0pct_CT_0pct_RP1_100pct_CTRP1_0pct_start_time_0.0.npy,0.0767146007784725,0.015205363802177851,6.749229272284473,0.8132661907447116,6.8874302164547085,16,3,1.0,150,14580
Run_FL16_ISC3_RP3_coupling_150_CT_energy_14580,Monomer_0pct_CT_0pct_RP1_100pct_CTRP1_0pct,time_resolved_Monomer_0pct_CT_0pct_RP1_100pct_CTRP1_0pct_start_time_0.0.npy,wavelength_resolved_Monomer_0pct_CT_0pct_RP1_100pct_CTRP1_0pct_start_time_0.0.npy,0.0455798080545399,0.017764412981735166,7.396626884935238,0.6706788843253172,6.929125748834602,16,3,3.0,150,14580
Run_FL16_ISC5_RP1_coupling_150_CT_energy_14580,Monomer_0pct_CT_0pct_RP1_100pct_CTRP1_0pct,time_resolved_Monomer_0pct_CT_0pct_RP1_100pct_CTRP1_0pct_start_time_0.0.npy,wavelength_resolved_Monomer_0pct_CT_0pct_RP1_100pct_CTRP1_0pct_start_time_0.0.npy,0.07011453985861997,0.015641345251952276,6.840662210957905,0.7876422330149119,6.9375801848137195,16,5,1.0,150,14580
Run_FL16_ISC5_RP0.2_coupling_250_CT_energy_14580,Monomer_0pct_CT_0pct_RP1_100pct_CTRP1_0pct,time_resolved_Monomer_0pct_CT_0pct_RP1_100pct_CTRP1_0pct_start_time_0.0.npy,wavelength_resolved_Monomer_0pct_CT_0pct_RP1_100pct_CTRP1_0pct_start_time_0.0.npy,0.11838229309681121,0.015762769165584334,7.144620063037084,0.9368935381477854,6.95144960642947,16,5,0.2,250,14580
Run_FL16_ISC3_RP0.4_coupling_200_CT_energy_14580,Monomer_0pct_CT_0pct_RP1_100pct_CTRP1_0pct,time_resolved_Monomer_0pct_CT_0pct_RP1_100pct_CTRP1_0pct_start_time_0.0.npy,wavelength_resolved_Monomer_0pct_CT_0pct_RP1_100pct_CTRP1_0pct_start_time_0.0.npy,0.10261266102169778,0.016655168538001933,7.23685769387698,0.8956375004407382,7.052134620445063,16,3,0.4,200,14580
Run_FL16_ISC3_RP2_coupling_150_CT_energy_14580,Monomer_0pct_CT_0pct_RP1_100pct_CTRP1_0pct,time_resolved_Monomer_0pct_CT_0pct_RP1_100pct_CTRP1_0pct_start_time_0.0.npy,wavelength_resolved_Monomer_0pct_CT_0pct_RP1_100pct_CTRP1_0pct_start_time_0.0.npy,0.05567927193352227,0.017034143143456363,7.213822538666083,0.724234904375364,7.094255807842716,16,3,2.0,150,14580
Run_FL16_ISC5_RP0.4_coupling_200_CT_energy_14580,Monomer_0pct_CT_0pct_RP1_100pct_CTRP1_0pct,time_resolved_Monomer_0pct_CT_0pct_RP1_100pct_CTRP1_0pct_start_time_0.0.npy,wavelength_resolved_Monomer_0pct_CT_0pct_RP1_100pct_CTRP1_0pct_start_time_0.0.npy,0.10031588992260435,0.017125763389540333,7.340589119346832,0.8889702143567281,7.104384282461547,16,5,0.4,200,14580
Run_FL16_ISC3_RP0.6_coupling_200_CT_energy_14580,Monomer_0pct_CT_0pct_RP1_100pct_CTRP1_0pct,time_resolved_Monomer_0pct_CT_0pct_RP1_100pct_CTRP1_0pct_start_time_0.0.npy,wavelength_resolved_Monomer_0pct_CT_0pct_RP1_100pct_CTRP1_0pct_start_time_0.0.npy,0.09025347898771488,0.019478119483580934,7.886282961037494,0.8585116145876146,7.357699651237459,16,3,0.6,200,14580
Run_FL16_ISC5_RP0.6_coupling_200_CT_energy_14580,Monomer_0pct_CT_0pct_RP1_100pct_CTRP1_0pct,time_resolved_Monomer_0pct_CT_0pct_RP1_100pct_CTRP1_0pct_start_time_0.0.npy,wavelength_resolved_Monomer_0pct_CT_0pct_RP1_100pct_CTRP1_0pct_start_time_0.0.npy,0.08633763592234445,0.020031467401591826,7.996460069726751,0.84563740948014,7.415551083979457,16,5,0.6,200,14580
Run_FL16_ISC3_RP0.2_coupling_300_CT_energy_14580,Monomer_0pct_CT_0pct_RP1_100pct_CTRP1_0pct,time_resolved_Monomer_0pct_CT_0pct_RP1_100pct_CTRP1_0pct_start_time_0.0.npy,wavelength_resolved_Monomer_0pct_CT_0pct_RP1_100pct_CTRP1_0pct_start_time_0.0.npy,0.11975490698036431,0.021002017868091413,8.504189175553396,0.940505368938124,7.515576474069711,16,3,0.2,300,14580
Run_FL16_ISC3_RP0.8_coupling_200_CT_energy_14580,Monomer_0pct_CT_0pct_RP1_100pct_CTRP1_0pct,time_resolved_Monomer_0pct_CT_0pct_RP1_100pct_CTRP1_0pct_start_time_0.0.npy,wavelength_resolved_Monomer_0pct_CT_0pct_RP1_100pct_CTRP1_0pct_start_time_0.0.npy,0.08076831079287186,0.021163624554333498,8.251716375294844,0.8267337392450602,7.532060376577743,16,3,0.8,200,14580
Run_FL16_ISC5_RP0.8_coupling_200_CT_energy_14580,Monomer_0pct_CT_0pct_RP1_100pct_CTRP1_0pct,time_resolved_Monomer_0pct_CT_0pct_RP1_100pct_CTRP1_0pct_start_time_0.0.npy,wavelength_resolved_Monomer_0pct_CT_0pct_RP1_100pct_CTRP1_0pct_start_time_0.0.npy,0.07530979638455843,0.021762834829831604,8.364850154891572,0.8067647048648532,7.592770222750424,16,5,0.8,200,14580
Run_FL16_ISC5_RP0.2_coupling_300_CT_energy_14580,Monomer_0pct_CT_0pct_RP1_100pct_CTRP1_0pct,time_resolved_Monomer_0pct_CT_0pct_RP1_100pct_CTRP1_0pct_start_time_0.0.npy,wavelength_resolved_Monomer_0pct_CT_0pct_RP1_100pct_CTRP1_0pct_start_time_0.0.npy,0.11880937568826959,0.021867562964888506,8.650833040071092,0.9380463885330744,7.603315978150585,16,5,0.2,300,14580
Run_FL16_ISC3_RP1_coupling_200_CT_energy_14580,Monomer_0pct_CT_0pct_RP1_100pct_CTRP1_0pct,time_resolved_Monomer_0pct_CT_0pct_RP1_100pct_CTRP1_0pct_start_time_0.0.npy,wavelength_resolved_Monomer_0pct_CT_0pct_RP1_100pct_CTRP1_0pct_start_time_0.0.npy,0.07326831037963581,0.02229171031841464,8.489091719082381,0.7992163128304581,7.64583363073807,16,3,1.0,200,14580
Run_FL16_ISC5_RP1_coupling_200_CT_energy_14580,Monomer_0pct_CT_0pct_RP1_100pct_CTRP1_0pct,time_resolved_Monomer_0pct_CT_0pct_RP1_100pct_CTRP1_0pct_start_time_0.0.npy,wavelength_resolved_Monomer_0pct_CT_0pct_RP1_100pct_CTRP1_0pct_start_time_0.0.npy,0.06641421635435531,0.022921150066815235,8.604330774305705,0.7716851787848321,7.708375858453911,16,5,1.0,200,14580
Run_FL16_ISC3_RP0.4_coupling_250_CT_energy_14580,Monomer_0pct_CT_0pct_RP1_100pct_CTRP1_0pct,time_resolved_Monomer_0pct_CT_0pct_RP1_100pct_CTRP1_0pct_start_time_0.0.npy,wavelength_resolved_Monomer_0pct_CT_0pct_RP1_100pct_CTRP1_0pct_start_time_0.0.npy,0.10210510910044972,0.023978440683922877,8.960492851289077,0.893762799411071,7.812006373040927,16,3,0.4,250,14580
Run_FL16_ISC5_RP0.4_coupling_250_CT_energy_14580,Monomer_0pct_CT_0pct_RP1_100pct_CTRP1_0pct,time_resolved_Monomer_0pct_CT_0pct_RP1_100pct_CTRP1_0pct_start_time_0.0.npy,wavelength_resolved_Monomer_0pct_CT_0pct_RP1_100pct_CTRP1_0pct_start_time_0.0.npy,0.0998202798414763,0.02470406401510325,9.09793022420513,0.8870742589420701,7.882147375801716,16,5,0.4,250,14580
Run_FL16_ISC3_RP2_coupling_200_CT_energy_14580,Monomer_0pct_CT_0pct_RP1_100pct_CTRP1_0pct,time_resolved_Monomer_0pct_CT_0pct_RP1_100pct_CTRP1_0pct_start_time_0.0.npy,wavelength_resolved_Monomer_0pct_CT_0pct_RP1_100pct_CTRP1_0pct_start_time_0.0.npy,0.05141713594992149,0.02492225393234453,9.02639337560339,0.7029671102656745,7.903088496345266,16,3,2.0,200,14580
Run_FL16_ISC5_RP3_coupling_300_CT_energy_14580,Monomer_0pct_CT_0pct_RP1_100pct_CTRP1_0pct,time_resolved_Monomer_0pct_CT_0pct_RP1_100pct_CTRP1_0pct_start_time_0.0.npy,wavelength_resolved_Monomer_0pct_CT_0pct_RP1_100pct_CTRP1_0pct_start_time_0.0.npy,0.02544021076947344,0.061082175653188124,14.661482113404016,0.5335229171427316,7.952530943438091,16,5,3.0,300,14580
Run_FL16_ISC3_RP0.6_coupling_250_CT_energy_14580,Monomer_0pct_CT_0pct_RP1_100pct_CTRP1_0pct,time_resolved_Monomer_0pct_CT_0pct_RP1_100pct_CTRP1_0pct_start_time_0.0.npy,wavelength_resolved_Monomer_0pct_CT_0pct_RP1_100pct_CTRP1_0pct_start_time_0.0.npy,0.08950944165253223,0.028289163274156218,9.775437148813646,0.8555746687296044,8.218157376447955,16,3,0.6,250,14580
Run_FL16_ISC5_RP0.6_coupling_250_CT_energy_14580,Monomer_0pct_CT_0pct_RP1_100pct_CTRP1_0pct,time_resolved_Monomer_0pct_CT_0pct_RP1_100pct_CTRP1_0pct_start_time_0.0.npy,wavelength_resolved_Monomer_0pct_CT_0pct_RP1_100pct_CTRP1_0pct_start_time_0.0.npy,0.08560423892365292,0.029156027701903238,9.924619901353243,0.8426182034366587,8.297017224419234,16,5,0.6,250,14580
Run_FL16_ISC3_RP0.8_coupling_250_CT_energy_14580,Monomer_0pct_CT_0pct_RP1_100pct_CTRP1_0pct,time_resolved_Monomer_0pct_CT_0pct_RP1_100pct_CTRP1_0pct_start_time_0.0.npy,wavelength_resolved_Monomer_0pct_CT_0pct_RP1_100pct_CTRP1_0pct_start_time_0.0.npy,0.07983222950219637,0.03086096112881851,10.23136105209773,0.8228256322587091,8.449689066047826,16,3,0.8,250,14580
Run_FL16_ISC5_RP0.8_coupling_250_CT_energy_14580,Monomer_0pct_CT_0pct_RP1_100pct_CTRP1_0pct,time_resolved_Monomer_0pct_CT_0pct_RP1_100pct_CTRP1_0pct_start_time_0.0.npy,wavelength_resolved_Monomer_0pct_CT_0pct_RP1_100pct_CTRP1_0pct_start_time_0.0.npy,0.07437834257772916,0.031808380761260864,10.386457438854109,0.8026760521279044,8.533215334051159,16,5,0.8,250,14580
Run_FL16_ISC3_RP1_coupling_250_CT_energy_14580,Monomer_0pct_CT_0pct_RP1_100pct_CTRP1_0pct,time_resolved_Monomer_0pct_CT_0pct_RP1_100pct_CTRP1_0pct_start_time_0.0.npy,wavelength_resolved_Monomer_0pct_CT_0pct_RP1_100pct_CTRP1_0pct_start_time_0.0.npy,0.07217623043447348,0.03257699948497196,10.525356002556688,0.7944211807321149,8.600326341529033,16,3,1.0,250,14580
Run_FL16_ISC5_RP1_coupling_250_CT_energy_14580,Monomer_0pct_CT_0pct_RP1_100pct_CTRP1_0pct,time_resolved_Monomer_0pct_CT_0pct_RP1_100pct_CTRP1_0pct_start_time_0.0.npy,wavelength_resolved_Monomer_0pct_CT_0pct_RP1_100pct_CTRP1_0pct_start_time_0.0.npy,0.06532063269968763,0.03357718571956273,10.684236563969792,0.766591462458339,8.686818184460495,16,5,1.0,250,14580
Run_FL16_ISC3_RP0.4_coupling_300_CT_energy_14580,Monomer_0pct_CT_0pct_RP1_100pct_CTRP1_0pct,time_resolved_Monomer_0pct_CT_0pct_RP1_100pct_CTRP1_0pct_start_time_0.0.npy,wavelength_resolved_Monomer_0pct_CT_0pct_RP1_100pct_CTRP1_0pct_start_time_0.0.npy,0.10259881375279582,0.03481864518011673,11.024995075505403,0.8951760865795904,8.792914162739326,16,3,0.4,300,14580
Run_FL16_ISC5_RP0.4_coupling_300_CT_energy_14580,Monomer_0pct_CT_0pct_RP1_100pct_CTRP1_0pct,time_resolved_Monomer_0pct_CT_0pct_RP1_100pct_CTRP1_0pct_start_time_0.0.npy,wavelength_resolved_Monomer_0pct_CT_0pct_RP1_100pct_CTRP1_0pct_start_time_0.0.npy,0.10039718212708482,0.035999215332069574,11.213667282791574,0.8887516628470201,8.892574833167856,16,5,0.4,300,14580
Run_FL16_ISC3_RP2_coupling_250_CT_energy_14580,Monomer_0pct_CT_0pct_RP1_100pct_CTRP1_0pct,time_resolved_Monomer_0pct_CT_0pct_RP1_100pct_CTRP1_0pct_start_time_0.0.npy,wavelength_resolved_Monomer_0pct_CT_0pct_RP1_100pct_CTRP1_0pct_start_time_0.0.npy,0.04987586195488811,0.036539690557424905,11.179278021487043,0.6948201979471942,8.92940340884337,16,3,2.0,250,14580
Run_FL16_ISC5_RP2_coupling_300_CT_energy_14580,Monomer_0pct_CT_0pct_RP1_100pct_CTRP1_0pct,time_resolved_Monomer_0pct_CT_0pct_RP1_100pct_CTRP1_0pct_start_time_0.0.npy,wavelength_resolved_Monomer_0pct_CT_0pct_RP1_100pct_CTRP1_0pct_start_time_0.0.npy,0.0383035026681521,0.05845904325762496,14.336763699895629,0.628188141739006,9.083858963004088,16,5,2.0,300,14580
Run_FL16_ISC3_RP3_coupling_300_CT_energy_14580,Monomer_0pct_CT_0pct_RP1_100pct_CTRP1_0pct,time_resolved_Monomer_0pct_CT_0pct_RP1_100pct_CTRP1_0pct_start_time_0.0.npy,wavelength_resolved_Monomer_0pct_CT_0pct_RP1_100pct_CTRP1_0pct_start_time_0.0.npy,0.03923441584547418,0.05775834422090063,14.271835196464568,0.6344496375638526,9.159992130770302,16,3,3.0,300,14580
Run_FL16_ISC3_RP0.6_coupling_300_CT_energy_14580,Monomer_0pct_CT_0pct_RP1_100pct_CTRP1_0pct,time_resolved_Monomer_0pct_CT_0pct_RP1_100pct_CTRP1_0pct_start_time_0.0.npy,wavelength_resolved_Monomer_0pct_CT_0pct_RP1_100pct_CTRP1_0pct_start_time_0.0.npy,0.09000426640118478,0.04180070970226413,12.106551071250655,0.8571136907016312,9.366708332604453,16,3,0.6,300,14580
Run_FL16_ISC5_RP0.6_coupling_300_CT_energy_14580,Monomer_0pct_CT_0pct_RP1_100pct_CTRP1_0pct,time_resolved_Monomer_0pct_CT_0pct_RP1_100pct_CTRP1_0pct_start_time_0.0.npy,wavelength_resolved_Monomer_0pct_CT_0pct_RP1_100pct_CTRP1_0pct_start_time_0.0.npy,0.08621955614033598,0.043255207848911466,12.317164451848337,0.8446096725663554,9.481928972921697,16,5,0.6,300,14580
Run_FL16_ISC3_RP0.8_coupling_300_CT_energy_14580,Monomer_0pct_CT_0pct_RP1_100pct_CTRP1_0pct,time_resolved_Monomer_0pct_CT_0pct_RP1_100pct_CTRP1_0pct_start_time_0.0.npy,wavelength_resolved_Monomer_0pct_CT_0pct_RP1_100pct_CTRP1_0pct_start_time_0.0.npy,0.0802862380803913,0.0460051330495193,12.712549017781441,0.8243561746791478,9.696227420789684,16,3,0.8,300,14580
Run_FL16_ISC5_RP0.8_coupling_300_CT_energy_14580,Monomer_0pct_CT_0pct_RP1_100pct_CTRP1_0pct,time_resolved_Monomer_0pct_CT_0pct_RP1_100pct_CTRP1_0pct_start_time_0.0.npy,wavelength_resolved_Monomer_0pct_CT_0pct_RP1_100pct_CTRP1_0pct_start_time_0.0.npy,0.0749762876310291,0.04762291167868122,12.935088825862897,0.8048416352868537,9.820271126837806,16,5,0.8,300,14580
Run_FL16_ISC3_RP1_coupling_300_CT_energy_14580,Monomer_0pct_CT_0pct_RP1_100pct_CTRP1_0pct,time_resolved_Monomer_0pct_CT_0pct_RP1_100pct_CTRP1_0pct_start_time_0.0.npy,wavelength_resolved_Monomer_0pct_CT_0pct_RP1_100pct_CTRP1_0pct_start_time_0.0.npy,0.07257205118168185,0.04881720937508882,13.102100329669595,0.7958592038903233,9.910936755731525,16,3,1.0,300,14580
Run_FL16_ISC3_RP2_coupling_300_CT_energy_14580,Monomer_0pct_CT_0pct_RP1_100pct_CTRP1_0pct,time_resolved_Monomer_0pct_CT_0pct_RP1_100pct_CTRP1_0pct_start_time_0.0.npy,wavelength_resolved_Monomer_0pct_CT_0pct_RP1_100pct_CTRP1_0pct_start_time_0.0.npy,0.04998024653236779,0.0552819549955648,13.957166496761877,0.6953604671792231,9.998518392358438,16,3,2.0,300,14580
Run_FL16_ISC5_RP1_coupling_300_CT_energy_14580,Monomer_0pct_CT_0pct_RP1_100pct_CTRP1_0pct,time_resolved_Monomer_0pct_CT_0pct_RP1_100pct_CTRP1_0pct_start_time_0.0.npy,wavelength_resolved_Monomer_0pct_CT_0pct_RP1_100pct_CTRP1_0pct_start_time_0.0.npy,0.06587253594555302,0.05054278953591831,13.332121762247418,0.7688253561971241,10.0,16,5,1.0,300,14580
